FECHA TERMINACION PROYECTO;CÓDIGO DIVIPOLA DEPARTAMENTO;DEPARTAMENTO;CÓDIGO DIVIPOLA MUNICIPIO;MUNICIPIO;INDICADOR;Valor;NOMBRE PROYECTO;ORIGEN; APORTENACION ; CONTRAPARTIDA ;ESTADO SEGUIMIENTO
06/23/2019 ;91;AMAZONAS;91460;Mirití - Paraná(AMA);Nueva Población Beneficiada Acueducto Rural;295;CONSTRUCCION DEL SISTEMA DE ACUEDUCTO CENTRO POBLADO E INTERNADO DEL CORREGIMIENTO MIRITI PARANA ( (BARCAZA FLOTANTE, LINEA DE ADUCCIO, PTAP, ALMACENAMIENTO Y RED DE DISTRIBUCION);PDA; 131,388,019 ; 2,982,358,900 ;Liquidado
2/10/2025;91;AMAZONAS;91001;Leticia(AMA);Nueva Población Beneficiada Acueducto Urbano;43,845;IMPLEMENTACIÓN DEL PLAN MAESTRO DE ACUEDUCTO Y ALCANTARILLADO ETAPA I DEL MUNICIPIO DE LETICIA, AMAZONA;PGN; 6,961,151,510 ; 1,238,849,750 ;En Liquidación
2/10/2025;91;AMAZONAS;91001;Leticia(AMA);Nueva Población Beneficiada Alcantarillado Urbano;43,845;IMPLEMENTACIÓN DEL PLAN MAESTRO DE ACUEDUCTO Y ALCANTARILLADO ETAPA I DEL MUNICIPIO DE LETICIA, AMAZONA;PGN; 6,961,151,510 ; 1,238,849,750 ;En Liquidación
9/01/2022;91;AMAZONAS;91430;La Victoria(AMA);Nueva Población Beneficiada Alcantarillado Rural;122;CONSTRUCCION DEL SISTEMA DE ALCANTARILLADO CENTRO POBLADO CORREGIMIENTO LA VICTORIA (SISTEMAS INDIVIDUALES );PDA; 133,750,736 ; 435,227,857 ;Terminado
11/22/2018 ;5;ANTIOQUIA;5306;Giraldo(ANT);Nueva Población Beneficiada Acueducto Rural;744;CONSTRUCCION DEL PLAN MAESTRO DE ACUEDUCTO CORREGIMIENTO MANGLAR DEL MUNICIPIO DE GIRALDO;PDA; -   ; 922,015,855 ;Liquidado
06/30/2019 ;5;ANTIOQUIA;5209;Concordia(ANT);Nueva Población Beneficiada Acueducto Urbano;2;CONSTRUCCIÓN DEL PLAN MAESTRO DE ACUEDUCTO DEL MUNICIPIO DE CONCORDIA ETAPA II;PDA; -   ; 3,042,608,871 ;Liquidado
06/29/2025 ;5;ANTIOQUIA;5615;Rionegro(ANT);Nueva Población Beneficiada Alcantarillado Rural;994;CONSTRUCCIÓN DE LA RED DE  ALCANTARILLADO, ESTACIÓN DE BOMBEO E IMPULSIÓN DE LAS AGUAS  RESIDUALES DOMÉSTICAS DEL CENTRO POBLADO GALICIA PARTE ALTA SECTOR LA YEE DEL MUNICIPIO DE RIONEGRO-ANTIOQUIA;PGN; 3,986,581,885 ; 257,720,466 ;Terminado
06/28/2021 ;5;ANTIOQUIA;5837;Turbo(ANT);Nueva Población Beneficiada Acueducto Urbano;41,838;CONSTRUCCION DE TANQUE DE ALMACENAMIENTO DE PISO  LA LUCILA II Y OBRAS ACCESORIAS EN EL SISTEMA DE ACUEDUCTO DEL MUNICIPIO DE TURBO;Obras por Impuestos; -   ; -   ;Liquidado Contrato Obra
12/18/2020 ;5;ANTIOQUIA;5837;Turbo(ANT);Nueva Población Beneficiada Alcantarillado Urbano;5,394;CONSTRUCCIÓN EXTENSIÓN CONSTRUCCIÓN REDES DE ALCANTARILLADO DEL BARRIO OBRERO MUNICIPIO TURBO, ANTIOQUIA, OCCIDENTE TURBO;Obras por Impuestos; -   ; -   ;Liquidado Contrato Obra
06/30/2021 ;5;ANTIOQUIA;5031;Amalfi(ANT);Nueva Población Beneficiada Acueducto Rural;150;CONSTRUCCIÓN ACUEDUCTO VEREDA CARACOLÍ MUNICIPIO DE AMALFI;Obras por Impuestos; -   ; -   ;Liquidado Contrato Obra
10/03/2020;5;ANTIOQUIA;5490;Necoclí(ANT);Nueva Población Beneficiada Acueducto Rural;4,797;CONSTRUCCION DEL PLAN MAESTRO DE ACUEDUCTO DEL CORREGIMIENTO EL TOTUMO DEL MUNICIPIO DE NECOCLI;PDA; -   ; 6,365,122,249 ;Terminado
12/16/2018 ;5;ANTIOQUIA;5142;Caracolí(ANT);Nueva Población Beneficiada Alcantarillado Urbano;528;CONSTRUCCIÓN DEL PLAN MAESTRO DE ACUEDUCTO Y ALCANTARILLADO DE LA ZONA URBANA DEL MUNICIPIO DE CARACOLI- ETAPA 1 - ANTIOQUIA;PDA; -   ; 3,393,507,564 ;Liquidado
09/15/2018 ;5;ANTIOQUIA;5002;Abejorral(ANT);Nueva Población Beneficiada Alcantarillado Urbano;288;CONSTRUCCIÓN DEL PLAN  MAESTRO DE ALCANTARILLADO MUNICIPIO DE ABEJORRAL, PRIMERA ETAPA;PDA; -   ; 2,097,977,296 ;Liquidado
2/12/2019;5;ANTIOQUIA;5250;El Bagre(ANT);Nueva Población Beneficiada Acueducto Urbano;900;CONSTRUCCION DEL PLAN MAESTRO DE ACUEDUCTO URBANO DEL MUNICIPIO DE EL BAGRE ETAPA II;PDA; -   ; 4,773,790,842 ;Liquidado
07/20/2019 ;5;ANTIOQUIA;5045;Apartadó(ANT);Nueva Población Beneficiada Acueducto Urbano;128,969;CONSTRUCCIÓN POZO PROFUNDO Y  OBRAS ACCESORIAS PARA NUEVA FUENTE DE CAPTACIÓN DE AGUA SUBTERRÁNEA  DEL SISTEMA DE ACUEDUCTO EN EL MUNICIPIO DE APARTADÓ;PGN; 3,559,506,445 ; 30,144,552 ;Liquidado
8/09/2020;5;ANTIOQUIA;5030;Amagá(ANT);Nueva Población Beneficiada Alcantarillado Urbano;3;CONSTRUCCION DE OBRAS DE OPTIMIZACION DEL SISTEMA DE ALCANTARILLADO URBANO DEL MUNICIPIO DE AMAGA;PGN; 7,441,486,062 ; 1,549,403,890 ;En Liquidación
03/27/2022 ;5;ANTIOQUIA;5310;Gómez Plata(ANT);Nueva Población Beneficiada Alcantarillado Urbano;7,313;CONSTRUCCIÓN DE REDES DE ALCANTARILLADO EN LOS BARRIOS CAMELLÓN, OBRERO, LOURDES Y LOS SECTORES EL COLEGIO Y LA CARRERA 51 DEL MUNICIPIO DE GÓMEZ PLATA;PGN; 4,760,119,249 ; 2,387,613,164 ;En Liquidación
10/26/2021 ;81;ARAUCA;81794;Tame(ARA);Nueva Población Beneficiada Acueducto Rural;2,4;CONSTRUCCIÓN DE UN ACUEDUCTO CON AGUA POTABLE PARA LAS VEREDAS ANGOSTURAS EL TRIUNFO Y EL CENTRO POBLADO DE COROCITO DEL MUNICIPIO DE TAME – DEPARTAMENTO DE ARAUCA;Obras por Impuestos; -   ; -   ;Liquidado Contrato Obra
2/04/2025;81;ARAUCA;81736;Saravena(ARA);Nueva Población Beneficiada Acueducto Rural;730;OPTIMIZACIÓNDEL ACUEDUCTO REGIONAL RURAL RIOCHIQUITO DEL MUNICIPIO DE SARAVENA DEPARTAMENTO DE ARAUCA;Obras por Impuestos; -   ; -   ;Terminado
10/08/2021;8;ATLANTICO;8078;Baranoa(ATL);Nueva Población Beneficiada Acueducto Rural;3,57;ACTUALIZACIÓN DE LOS ESTUDIOS, DISEÑOS, CONSTRUCCIÓN Y PUESTA EN FUNCIONAMIENTO DEL PROYECTO DE REDES DE ACUEDUCTO DEL CORREGIMIENTO DE CAMPECHE EN EL MUNICIPIO DE BARANOA, DEPARTAMENTO DEL ATLÁNTICO.;Pre-Inversión; 3,946,734,135 ; -   ;Liquidado
12/30/2021 ;8;ATLANTICO;8638;Sabanalarga(ATL);Nueva Población Beneficiada Alcantarillado Rural;5,123;CONSTRUCCIÓN DE PLANTA DE TRATAMIENTO DE AGUAS RESIDUALES PARA LOS CORREGIMIENTOS DE AGUADA DE PABLO Y LA PEÑA, MUNICIPIO DE SABANALARGA;BID; 9,287,399,692 ; -   ;En Liquidación
01/15/2020 ;8;ATLANTICO;8638;Sabanalarga(ATL);Nueva Población Beneficiada Alcantarillado Rural;1,129;CONSTRUCCIÓN DE ALCANTARILLADO SANITARIO DEL CORREGIMIENTO DE LA PEÑA MUNICIPIO DE SABANALARGA.;BID; 4,846,862,317 ; -   ;En Liquidación
12/09/2023;8;ATLANTICO;8078;Baranoa(ATL);Nueva Población Beneficiada Alcantarillado Urbano;3,735;CONSTRUCCIÓN DE LAS REDES DE ALCANTARILLADO Y ESTACIÓN DE BOMBEO DE AGUAS RESIDUALES PARA LA CUENCA 6A Y REDES DE ALCANTARILLADO EN EL BARRIO MANZANARES DEL MUNICIPIO DE BARANOA-ATLÁNTICO;PGN; 2,835,530,661 ; 2,723,414,324 ;Terminado
12/09/2023;8;ATLANTICO;8675;Santa Lucía(ATL);Nueva Población Beneficiada Alcantarillado Rural;1,142;ALCANTARILLADO PARA EL CORREGIMIENTO ALGODONAL MUNICIPIO DE SANTA LUCIA;PGN; 3,476,351,183 ; 2,429,158,142 ;Terminado
11/03/2021;8;ATLANTICO;8638;Sabanalarga(ATL);Nueva Población Beneficiada Acueducto Urbano;57,447;AMPLlACION REDES DE ACUEDUCTO MUNICIPIO DE SABANALARGA SECTOR 1 Y 2 - ETAPA I;PGN; 3,643,185,270 ; 565,302,035 ;En Liquidación
07/15/2022 ;8;ATLANTICO;8573;Puerto Colombia(ATL);Nueva Población Beneficiada Acueducto Urbano;7,096;CONSTRUCCIÓN DE LAS REDES DE ACUEDUCTO PARA LA ZONA SUR OCCIDENTAL DEL MUNICIPIO DE PUERTO COLOMBIA;PGN; 859,527,012 ; 947,502,180 ;Terminado
05/13/2022 ;8;ATLANTICO;8078;Baranoa(ATL);Nueva Población Beneficiada Acueducto Rural;1,74;CONSTRUCCIÓN DE LAS REDES DEL ACUEDUCTO DEL CORREGIMIENTO DE SIBARCO EN EL MUNICIPIO DE BARANOA – DEPARTAMENTO DEL ATLÁNTICO;PGN; 1,442,488,724 ; 889,143,254 ;Terminado
8/02/2019;8;ATLANTICO;8685;Santo Tomás(ATL);Nueva Población Beneficiada Acueducto Urbano;800;CONSTRUCCION SISTEMA DE ACUEDUCTO BARRIO LA ARENOSA MUNICIPIO DE SANTO TOMAS;PDA; 906,790,312 ; 19,990,696 ;Terminado
02/17/2024 ;13;BOLIVAR;13468;Mompox(BOL);Nueva Población Beneficiada Alcantarillado Urbano;31,665;CONSTRUCCION , AMPLIACION Y  OPTIMIZACION  DEL SISTEMA DE ALCANTARILLADO SANITARIO DE LA CABECERA MUNICIPAL DE MOMPOX;PGN; 56,743,924,229 ; 10,000,000,000 ;Terminado
10/27/2021 ;13;BOLIVAR;13458;Montecristo(BOL);Nueva Población Beneficiada Acueducto Urbano;9,072;CONSTRUCCIÓN, OPTIMIZACIÓN, AMPLIACIÓN DEL SISTEMA DE ACUEDUCTO DE LA CABECERA MUNICIPAL DE MONTECRISTO.;PDA; 4,665,364,188 ; 5,927,176,755 ;En Liquidación
12/31/2018 ;13;BOLIVAR;13212;Córdoba(BOL);Nueva Población Beneficiada Alcantarillado Urbano;3,484;CONTRUCCION DEL SISTEMA DE ALCANTARILLADO DE LA CABECERA MUNICIPAL DE CORDOBA;PDA; 3,780,000,000 ; 11,539,441,154 ;Liquidado Contrato Obra
08/13/2019 ;13;BOLIVAR;13430;Magangué(BOL);Nueva Población Beneficiada Acueducto Urbano;1;OPTIMIZACIÓN, CONSTRUCCION Y  AMPLIACIÓN DEL SISTEMA DE DISTRIBUCIÓN DEL  ACUEDUCTO DEL MUNICIPIO DE MAGANGUÉ, DEPARTAMENTO DE BOLIVAR;PGN; 25,212,073,695 ; -   ;Liquidado
11/30/2019 ;13;BOLIVAR;13062;Arroyohondo(BOL);Nueva Población Beneficiada Alcantarillado Urbano;3,717;SISTEMA DE ALCANTARILLADO DE LA CABECERA MUNICIPAL DE ARROYOHONDO SEGUNDA ETAPA;PDA; 230,524,313 ; 8,774,794,344 ;En Liquidación
05/31/2019 ;13;BOLIVAR;13468;Mompox(BOL);Nueva Población Beneficiada Acueducto Urbano;14,887;CONSTRUCCION, AMPLIACION, OPTIMIZACION Y/O REHABILITACION DEL SISTEMA DE ACUEDUCTO DE LA CABECERA MUNICIPAL DE SANTA CRUZ DE MOMPOX FASE I;PDA; 1,546,702,315 ; 3,910,056,036 ;En Liquidación
3/04/2021;13;BOLIVAR;13657;San Juan Nepomuceno(BOL);Nueva Población Beneficiada Acueducto Urbano;5;CONSTRUCCION DE OBRAS PARA LA OPTIMIZACION DEL ACUEDUCTO DE LA CABECERA MUNICIPAL DE SAN JUAN NEPOMUCENO.;PDA; -   ; 4,758,252,788 ;En Liquidación
03/26/2021 ;13;BOLIVAR;13160;Cantagallo(BOL);Nueva Población Beneficiada Alcantarillado Rural;900;CONSTRUCCIÓN DE 150 UNIDADES SANITARIAS PARA VIVIENDAS DISPERSAS EN LA ZONA BAJA DEL ÁREA RURAL DEL MUNICIPIO DE CANTAGALLO;Obras por Impuestos; -   ; -   ;En Liquidación
11/30/2019 ;13;BOLIVAR;13620;San Cristobal(BOL);Nueva Población Beneficiada Alcantarillado Urbano;5,112;CONSTRUCCION DEL SISTEMA DE ALCANTARILLADO Y TRATAMIENTO DE AGUAS RESIDUALES PARA LA CABECERA DEL MUNICIPIOL DE SAN CRISTOBAL ETAPA I - BOLIVAR;PDA; -   ; 4,350,743,694 ;En Liquidación
05/28/2021 ;13;BOLIVAR;13838;Turbaná(BOL);Nueva Población Beneficiada Acueducto Urbano;15,215;CONSTRUCCIÓN DEL SISTEMA DE ACUEDUCTO DEL MUNICIPIO DE TURBANA - BOLIVAR;PDA; -   ; 17,622,793,448 ;Terminado
07/24/2019 ;13;BOLIVAR;13490;Norosí(BOL);Nueva Población Beneficiada Acueducto Urbano;553;CONSTRUCCION, AMPLIACION, OPTIMIZACION Y/O REHABILITACION DEL SISTEMA DE ACUEDUCTO DE LA CABECERA MUNICIPAL DE NOROSI;PDA; 2,084,347,940 ; 468,439,288 ;En Liquidación
11/23/2019 ;15;BOYACA;15897;Zetaquira(BOY);Nueva Población Beneficiada Alcantarillado Rural;204;CONSTRUCCION CUARENTA (40) UNIDADES SANITARIAS CON SANEAMIENTO BASICO PARA VIVIENDA RURAL DISPERSA DEL MUNICIPIO DE ZETAQUIRA;BID; 454,513,123 ; -   ;Liquidado
02/20/2023 ;15;BOYACA;15464;Mongua(BOY);Nueva Población Beneficiada Acueducto Rural;1,01;CONSTRUCCIÓN DE OBRAS DE OPTIMIZACION PARA LOS SISTEMAS DE ACUEDUCTOS RURALES, PALO ARMADO Y PANTANO GRANDE, MUNICIPIO DE MONGUA;PGN; 1,867,821,941 ; 19,347,474 ;En Liquidación
09/29/2020 ;15;BOYACA;15109;Buenavista(BOY);Nueva Población Beneficiada Alcantarillado Urbano;295;CONSTRUCCION DEL PLAN MAESTRO DE ALCANTARILLADO COMBINADO DE BUENAVISTA-BOYACA;PDA; -   ; 2,697,431,466 ;Liquidado Contrato Obra
06/25/2021 ;15;BOYACA;15442;Maripi(BOY);Nueva Población Beneficiada Acueducto Urbano;159;CONSTRUCCION PLAN MAESTRO DE ACUEDUCTO Y ALCANTARILLADO FASE I MUNICIPIO DE MARIPI;PDA; 987,129,526 ; 442,990,290 ;En Liquidación
06/25/2021 ;15;BOYACA;15442;Maripi(BOY);Nueva Población Beneficiada Alcantarillado Urbano;85;CONSTRUCCION PLAN MAESTRO DE ACUEDUCTO Y ALCANTARILLADO FASE I MUNICIPIO DE MARIPI;PDA; 987,129,526 ; 442,990,290 ;En Liquidación
10/16/2018 ;15;BOYACA;15693;Santa Rosa De Viterbo(BOY);Nueva Población Beneficiada Acueducto Urbano;469;CONSTRUCCION RED DE CONDUCCION, REDES DE DISTRIBUCION DEL ACUEDUCTO Y TERMINACION PLANTA DE TRATAMIENTO DE AGUA POTABLE DE LA ZONA URBANA DEL MUNICIPIO DE SANTA ROSA DE VITERBO;PDA; 557,345,219 ; 2,236,932,650 ;En Liquidación
03/15/2022 ;15;BOYACA;15332;Guican(BOY);Nueva Población Beneficiada Acueducto Urbano;593;OPTIMIZACIÓN DE REDES DE ALCANTARILLADO Y DEL SISTEMA DE ACUEDUCTO DEL MUNICIPIO DE GÜICAN DE LA SIERRA;PDA; -   ; 2,462,043,630 ;Liquidado Contrato Obra
11/29/2021 ;15;BOYACA;15507;Otanche(BOY);Nueva Población Beneficiada Alcantarillado Urbano;500;CONSTRUCCIÓN DEL SISTEMA DE ALCANTARILLADO PLUVIAL Y OPTMIZACION DEL SISTEMA DE ALCANTARILLADO SANITARIO DEL MUNICIPIO DE OTANCHE - BOYACÁ;PDA; -   ; 2,591,535,232 ;Liquidado Contrato Obra
6/10/2023;15;BOYACA;15407;Villa de Leiva(BOY);Nueva Población Beneficiada Alcantarillado Urbano;941;CONSTRUCCIÓN PRIMERA ETAPA PLAN MAESTRO DE ALCANTARILLADO DEL MUNICIPIO DE VILLA DE LEYVA, BOYACÁ CENTRO ORIENTE;PGN; 1,776,677,078 ; 5,615,775 ;En Liquidación
03/24/2023 ;15;BOYACA;15646;Samaca(BOY);Nueva Población Beneficiada Alcantarillado Urbano;10,342;CONSTRUCCIÓN PLANTA DE TRATAMIENTO DE AGUAS RESIDUALES DOMESTICAS SAMACÁ, BOYACÁ, CENTRO ORIENTE;PDA; -   ; 8,655,518,754 ;En Liquidación
03/25/2025 ;15;BOYACA;15632;Saboya(BOY);Nueva Población Beneficiada Alcantarillado Rural;570;CONSTRUCCION DE UNIDADES SANITARIAS RURALES PARA EL MUNICIPIO DE SABOYA - BOYACA;PGN; 3,255,478,221 ; -   ;Terminado
12/07/2022;15;BOYACA;15223;Cubara(BOY);Nueva Población Beneficiada Alcantarillado Urbano;1,229;CONSTRUCCION DEL SISTEMA DE ALCANTARILLADO PLUVIAL DEL MUNICIPIO DE CUBARA;PDA; -   ; 3,694,973,643 ;En Liquidación
02/28/2024 ;17;CALDAS;17867;Victoria(CAL);Nueva Población Beneficiada Acueducto Urbano;1,376;CONSTRUCCIÓN SISTEMA DE ACUEDUCTO Y ALCANTARILLADO SECTOR LA VARIANTE, MUNICIPIO DE VICTORIA-CALDAS;PGN; 1,149,288,765 ; -   ;Terminado
02/28/2024 ;17;CALDAS;17867;Victoria(CAL);Nueva Población Beneficiada Alcantarillado Urbano;1,376;CONSTRUCCIÓN SISTEMA DE ACUEDUCTO Y ALCANTARILLADO SECTOR LA VARIANTE, MUNICIPIO DE VICTORIA-CALDAS;PGN; 1,149,288,765 ; -   ;Terminado
10/30/2019 ;17;CALDAS;17513;Pacora(CAL);Nueva Población Beneficiada Acueducto Urbano;3,261;OPTIMIZACION DEL SISTEMA DE ACUEDUCTO Y EL SISTEMA DE ALCANTARILLADO DEL CASCO URBANO DE PACORA;PDA; 1,925,145,539 ; 1,742,723,057 ;Terminado
10/30/2019 ;17;CALDAS;17513;Pacora(CAL);Nueva Población Beneficiada Alcantarillado Urbano;6,261;OPTIMIZACION DEL SISTEMA DE ACUEDUCTO Y EL SISTEMA DE ALCANTARILLADO DEL CASCO URBANO DE PACORA;PDA; 1,925,145,539 ; 1,742,723,057 ;Terminado
02/20/2025 ;17;CALDAS;17444;Marquetalia(CAL);Nueva Población Beneficiada Alcantarillado Rural;828;CONSTRUCCIÓN DE UNIDADES SANITARIAS PARA VIVIENDA RURAL MUNICIPIO DE MARQUETALIA;PGN; 7,506,537,445 ; -   ;Liquidado Contrato Obra
10/08/2018;17;CALDAS;17050;Aranzazu(CAL);Nueva Población Beneficiada Alcantarillado Urbano;435;OPTIMIZACION SISTEMAS DE ACUEDUCTO Y ALCANTARILLADO ZONA URBANA MUNICIPIO DE ARANZAZU;PDA; 491,820,256 ; 664,819,896 ;Terminado
6/01/2019;17;CALDAS;17446;Marulanda(CAL);Nueva Población Beneficiada Acueducto Rural;1,418;MEJORAMIENTO SISTEMA DE ACUEDUCTO EN EL CORREGIMIENTO MONTEBONITO MUNICIPIO DE MARULANDA;PDA; 286,128,295 ; 540,512,429 ;Terminado
01/15/2019 ;17;CALDAS;17380;La Dorada(CAL);Nueva Población Beneficiada Alcantarillado Urbano;25,101;OPTIMIZACION REDES DE ALCANTARILLADO BARRIO LAS FERIAS III FASE EN EL MUNICIPIO DE LA DORADA;PGN; 5,342,170,422 ; 87,380,067 ;Liquidado
03/20/2025 ;17;CALDAS;17174;Chinchina(CAL);Nueva Población Beneficiada Acueducto Urbano;105,05;REHABILITACIÓN DE LAS ADUCCIONES CAMPOALEGRE Y LOS CUERVOS, MUNICIPIO DE CHINCHINÁ, CALDAS;PGN; 3,548,968,264 ; 1,350,729,709 ;Terminado
12/31/2018 ;18;CAQUETA;18029;Albania(CAQ), Curillo(CAQ), San Jose De Fragua(CAQ);Nueva Población Beneficiada Acueducto Urbano;5,852;CONSTRUCCION SISTEMA DE ACUEDUCTO REGIONAL PARA LOS MUNICIPIOS DE ALBANIA, CURILLO Y SAN JOSE DE FRAGUA.;PDA; 12,110,573,518 ; 953,340,488 ;En Liquidación
05/22/2025 ;18;CAQUETA;18479;Morelia(CAQ);Nueva Población Beneficiada Acueducto Urbano;2,312;CONSTRUCCIÓN RED DE ACUEDUCTO Y PLANTA DE TRATAMIENTO DE AGUA POTABLE PARA EL CASCO URBANO DEL MUNICIPIO DE MORELIA;PDA; 4,078,169,728 ; -   ;Terminado
10/15/2020 ;85;CASANARE;85430;Trinidad(CAS);Nueva Población Beneficiada Alcantarillado Urbano;18,86;OPTIMIZACION PLANTA DE TRATAMIENTO DE AGUAS RESIDUALES DEL MUNICIPIO DE  TRINIDAD, DEPARTAMENTO DE CASANARE.;PDA; 235,394,764 ; 3,286,596,611 ;Liquidado
12/31/2018 ;85;CASANARE;85001;Yopal(CAS);Nueva Población Beneficiada Acueducto Urbano;4,117;CONSTRUCCION DEL ACUEDUCTO VEREDAL PARA EL CORREGIMIENTO DE TACARIMENA VEREDAS: SIRIVANA, PALOMAS, LA CALCETA, LA MANGA, TACARIMENA, EL TIESTAL, Y LOS MANANTIALES DEL MUNICIPIO DE YOPAL;PDA; -   ; 12,677,943,685 ;Terminado
02/27/2020 ;85;CASANARE;85430;Trinidad(CAS);Nueva Población Beneficiada Acueducto Urbano;1,582;"AMPLIACION DE LA RED DE DISTRIBUCION DE AGUA POTABLE Y ALCANTARILLADO  SANITARIO, PARA LA ZONA DE EXPANSION ENTRE CALLES 1 Y 6 SUR, Y DE LA CARRERA 6"" A LA CARRERA 8"" DEL MUNICIPIO DE TRINIDAD, DEPARTAMENTO DE CASANARE";PDA; -   ; 2,273,847,896 ;Terminado
02/27/2020 ;85;CASANARE;85430;Trinidad(CAS);Nueva Población Beneficiada Alcantarillado Urbano;1,137;"AMPLIACION DE LA RED DE DISTRIBUCION DE AGUA POTABLE Y ALCANTARILLADO  SANITARIO, PARA LA ZONA DE EXPANSION ENTRE CALLES 1 Y 6 SUR, Y DE LA CARRERA 6"" A LA CARRERA 8"" DEL MUNICIPIO DE TRINIDAD, DEPARTAMENTO DE CASANARE";PDA; -   ; 2,273,847,896 ;Terminado
01/23/2023 ;85;CASANARE;85400;Tamara(CAS);Nueva Población Beneficiada Acueducto Rural;2,255;CONSTRUCCION DEL ACUEDUCTO INTERVEREDAL DELICIAS, GUASAQUE, GUCHUVA, LA PALMA, CHAPARRAL, CHITACOTE, ALTO GRANDE, LOMA REDONDA, SANTA HELENA, CRUZ VERDE, LA VICTORIA, LAS ISABELES DEL MUNICIPIO DE TAMARA;PDA; -   ; 18,103,328,418 ;Terminado
04/30/2019 ;85;CASANARE;85250;Paz De Ariporo(CAS);Nueva Población Beneficiada Alcantarillado Urbano;26,311;CONSTRUCCION PLANTA DE TRATAMIENTO DE AGUAS RESIDUALES DEL MUNICIPIO DE PAZ DE ARIPORO, CASANARE;PDA; -   ; 15,477,706,792 ;Terminado
03/16/2021 ;85;CASANARE;85001;Yopal(CAS);Nueva Población Beneficiada Alcantarillado Urbano;13,57;ESTUDIOS Y DISEÑOS DEL SISTEMA DE ALCANTARILLADO SANITARIO DE LA CIUDADELA LA BENDICIÓN DEL MUNICIPIO DE YOPAL DEPARTAMENTO DE CASANARE;Pre-Inversión; 550,527,150 ; -   ;En Liquidación
08/27/2023 ;85;CASANARE;85001;Yopal(CAS);Nueva Población Beneficiada Acueducto Urbano;36;CONSTRUCCION  SISTEMA DE ABASTECIMIENTO Y TRATAMIENTO DE AGUA POTABLE PARA EL CASCO URBANO DEL MUNICIPIO DE YOPAL;PGN; 61,527,056,040 ; 31,126,893,970 ;Terminado
12/21/2018 ;19;CAUCA;19364;Jambaló(CAU);Nueva Población Beneficiada Acueducto Rural;113;CONSTRUCCION SISTEMA DE ACUEDUCTO INTERVEREDAL Y OBRA DE OPTIMIZACION TANQUES DE ALMACENAMIENTO ZONA BAJA MUNICIPIO DE JAMBALO;PDA; 1,184,191,115 ; 2,648,751,430 ;Liquidado
07/25/2023 ;19;CAUCA;19397;La Vega(CAU);Nueva Población Beneficiada Alcantarillado Urbano;264;TERMINACION PLAN MAESTRO DE ALCANTARILLADO CABECERA MUNICIPAL DE LA VEGA;PDA; 889,150,630 ; 3,073,993,919 ;Terminado
04/30/2021 ;19;CAUCA;19698;Caloto(CAU), Santander De Quilichao(CAU);Nueva Población Beneficiada Alcantarillado Rural;97;CONSTRUCCIÓN DE SISTEMAS INDIVIDUALES DE SANEAMIENTO BÁSICO PARA LAS VEREDAS PALESTINA, SANTA MARIA DE SANTANDER DE QUILICHAO Y LA VEREDA  MORALES DEL MUNICIPIO DE CALOTO - PDET;Obras por Impuestos; -   ; -   ;Liquidado Contrato Obra
11/24/2018 ;19;CAUCA;19585;Puracé(CAU);Nueva Población Beneficiada Alcantarillado Urbano;65;CONSTRUCCION, OBRAS DE OPTIMIZACION Y AMPLIACION SISTEMA DE ALCANTARILLADO SANITARIO CABECERA MUNICIPAL COCONUCO MUNICIPIO DE PURACE;PDA; 1,639,767,714 ; 2,483,160,334 ;Liquidado
12/15/2024 ;19;CAUCA;19698;Santander De Quilichao(CAU);Nueva Población Beneficiada Acueducto Urbano;86,318;CONSTRUCCION PLANTA DE TRATAMIENTO QUITAPEREZA CABECERA MUNICIPAL DE SANTANDER DE QUILICHAO -CAUCA;Contrato Plan; 3,990,195,466 ; 2,000,000,000 ;Terminado
10/11/2020;19;CAUCA;19142;Caloto(CAU);Nueva Población Beneficiada Acueducto Rural;800;CONSTRUCCIÓN DEL SISTEMA DE TRATAMIENTO DE AGUA POTABLE, OPTIMIZACIÓN DE LAS REDES DE ABASTECIMIENTO Y CONSTRUCCIÓN DE SOLUCIONES INDIVIDUALES DE SANEAMIENTO PARA EL SISTEMA INTERVEREDAL ASOALMA DEL MUNICIPIO DE CALOTO;BID; 4,322,942,345 ; -   ;En Liquidación
10/11/2020;19;CAUCA;19142;Caloto(CAU);Nueva Población Beneficiada Alcantarillado Rural;184;CONSTRUCCIÓN DEL SISTEMA DE TRATAMIENTO DE AGUA POTABLE, OPTIMIZACIÓN DE LAS REDES DE ABASTECIMIENTO Y CONSTRUCCIÓN DE SOLUCIONES INDIVIDUALES DE SANEAMIENTO PARA EL SISTEMA INTERVEREDAL ASOALMA DEL MUNICIPIO DE CALOTO;BID; 4,322,942,345 ; -   ;En Liquidación
07/30/2020 ;19;CAUCA;19364;Jambaló(CAU);Nueva Población Beneficiada Alcantarillado Urbano;460;CONSTRUCCION DE OBRAS DE OPTIMIZACION DEL SISTEMA DE ALCANTARILLADO DEL MUNICIPIO DE JAMBALO;Contrato Plan; 2,532,008,289 ; 192,439,244 ;Liquidado
02/26/2020 ;19;CAUCA;19001;Popayán(CAU);Nueva Población Beneficiada Acueducto Urbano;14,64;CONSTRUCCION DE  SEDIMENTADORES PARA LA AMPLIACIÓN DELCAUDAL A 500 LPS DE LA PLANTA DE TRATAMIENTO DE AGUA POTABLE DE PALACE MUNICIPIO DE POPAYAN;PGN; 1,822,270,033 ; 8,522,525 ;Liquidado
10/01/2021;20;CESAR;20295;Gamarra(CES);Nueva Población Beneficiada Alcantarillado Rural;1,089;CONSTRUCCIÓN DE CIENTO VEINTIUNO (121) UNIDADES SANITARIAS CON SANEAMIENTO BÁSICO PARA VIVIENDA RURAL DISPERSA DEL MUNICIPIO DE GAMARRA;PGN; 1,834,386,685 ; -   ;Liquidado
02/14/2021 ;20;CESAR;20621;Robles (la Paz)(CES);Nueva Población Beneficiada Acueducto Urbano;7;CONSTRUCCIÓN Y OPTIMIZACIÓN DE LAS REDES DEL SISTEMA DE ACUEDUCTO FASE I, EN LA CABECERA URBANA MUNICIPAL DE LA PAZ DEPARTAMENTO DEL CESAR;Obras por Impuestos; -   ; -   ;Liquidado
4/10/2023;20;CESAR;20032;Astrea(CES);Nueva Población Beneficiada Acueducto Urbano;1,075;OPTIMIZACIÓN DEL SISTEMA DE ACUEDUCTO Y ALCANTARILLADO SANITARIO (FASE 2) DE LA CABECERA MUNICIPAL DE ASTREA DEPARTAMENTO DEL CESAR;PGN; 6,055,119,856 ; 4,155,474,411 ;Terminado
4/10/2023;20;CESAR;20032;Astrea(CES);Nueva Población Beneficiada Alcantarillado Urbano;7,28;OPTIMIZACIÓN DEL SISTEMA DE ACUEDUCTO Y ALCANTARILLADO SANITARIO (FASE 2) DE LA CABECERA MUNICIPAL DE ASTREA DEPARTAMENTO DEL CESAR;PGN; 6,055,119,856 ; 4,155,474,411 ;Terminado
02/20/2024 ;20;CESAR;20175;Chimichagua(CES);Nueva Población Beneficiada Alcantarillado Rural;2,926;CONSTRUCCIÓN DE LAS REDES DE ALCANTARILLADO SANITARIO, ESTACIONES DE BOMBEO Y SISTEMAS DE TRATAMIENTO DE AGUAS RESIDUALES DEL CORREGIMIENTO DE SALOA MUNICIPIO DE CHIMICHAGUA-CESAR;PGN; 7,737,967,301 ; 3,473,414,557 ;Terminado
11/15/2024 ;20;CESAR;20383;La Gloria(CES);Nueva Población Beneficiada Acueducto Urbano;6,75;OPTIMIZACIÓN DEL SISTEMA DE ACUEDUCTO DE LA CABECERA MUNICIPAL DE LA GLORIA EN EL DEPARTAMENTO DEL CESAR;PGN; 2,231,939,514 ; 1,881,722,496 ;Terminado
9/01/2023;20;CESAR;20517;Pailitas(CES);Nueva Población Beneficiada Alcantarillado Rural;1,105;OPTIMIZACIÓN DEL SISTEMA DE ACUEDUCTO Y CONSTRUCCIÓN DE LA PLANTA DE TRATAMIENTO DE AGUAS RESIDUALES DEL CORREGIMIENTO DE PALESTINA MUNICIPIO DE PAILITAS DEPARTAMENTO DEL CESAR;PGN; 3,825,821,762 ; -   ;Terminado
5/11/2025;20;CESAR;20013;Agustin Codazzi(CES);Nueva Población Beneficiada Acueducto Urbano;52,323;CONSTRUCCIÓN Y/O OPTIMIZACIÓN DE CONDUCCIÓN Y REDES DE  DISTRIBUCIÓN DEL SISTEMA DE ACUEDUCTO DE LA CABECERA URBANA DEL  MUNICIPIO DE AGUSTIN CODAZZI ETAPA I - DEPARTAMENTO DEL CESAR;PGN; 8,128,538,044 ; 5,578,408,461 ;Terminado
02/28/2019 ;20;CESAR;20060;Bosconia(CES);Nueva Población Beneficiada Acueducto Urbano;31,108;LINEA DE IMPULSION PARA LA OPTIMIZACION DEL SISTEMA DE ACUEDUCTO DEL MUNICIPIO DE BOSCONIA;PDA; 5,283,674,457 ; -   ;En Liquidación
11/30/2020 ;20;CESAR;20621;Robles (la Paz)(CES);Nueva Población Beneficiada Acueducto Urbano;31,036;CONSTRUCCIÓN Y OPTIMIZACIÓN DE LAS REDES DEL SISTEMA DE ACUEDUCTO EN LA CABECERA MUNICIPAL DE LA PAZ-DEPARTAMENTO DEL CESAR FASE II;PGN; 2,986,028,560 ; -   ;Terminado
11/06/2018;20;CESAR;20060;Bosconia(CES);Nueva Población Beneficiada Acueducto Urbano;33,309;ELABORACION PLAN MAESTRO DE ACUEDUCTO Y DISEÑOS DE DETALLE PARA LA OPTIMIZACION DEL ACUEDUCTO DE LA CABECERA MUNICIPAL DE BOSCONIA CESAR;PGN; 1,265,619,777 ; -   ;Liquidado
04/19/2021 ;20;CESAR;20001;Valledupar(CES);Nueva Población Beneficiada Acueducto Urbano;187;OPTIMIZACION DE SISTEMA DE ACUEDUCTO DE LA CIUDAD DE VALLEDUPAR, MEDIANTE LA CONSTRUCCION DE TANQUES DE ALMACENAMIENTO DE AGUA TRATADA Y REDES MATRICES DE ACUEDUCTO;PGN; 24,677,750,307 ; 197,255,642 ;Liquidado
03/31/2020 ;20;CESAR;20383;La Gloria(CES);Nueva Población Beneficiada Alcantarillado Rural;540;CONSTRUCCIÓN DE UNIDADES BÁSICAS SANITARIAS PARA LA ZONA RURAL DEL MUNICIPIO DE LA GLORIA CESAR;Obras por Impuestos; -   ; -   ;Liquidado
09/27/2018 ;27;CHOCO;27050;Atrato(CHO);Nueva Población Beneficiada Alcantarillado Urbano;3,823;CONSTRUCCION DEL SISTEMA DE ALCANTARILLADO DEL MUNICIPIO DE ATRATO;Todos Por el Pacífico; 6,493,246,693 ; -   ;Terminado
03/14/2023 ;27;CHOCO;27077;Bajo Baudo (pizarro)(CHO);Nueva Población Beneficiada Alcantarillado Urbano;2,17;OPTIMIZACION DEL SISTEMA DE ALCANTARILLADO, Y CONSTRUCCION PTAR DEL MUNICIPIO DE BAJO BAUDO;PGN; 8,974,624,904 ; 2,608,440,395 ;En Liquidación
05/15/2025 ;27;CHOCO;27006;Acandi(CHO);Nueva Población Beneficiada Acueducto Rural;4,11;REHABILITACION DE LA LINEA DE CONDUCCION DEL SISTEMA DE ACUEDUCTO EN LA VEREDA BATATILLA DEL MUNICIPIO DE ACANDI, CHOCO;Ola Invernal Menor; 586,692,228 ; -   ;Terminado
11/06/2018;27;CHOCO;27006;Acandi(CHO);Nueva Población Beneficiada Acueducto Rural;5,12;OPTIMIZACIÓN Y AMPLIACIÓN DEL SISTEMA DE ACUEDUCTO DEL CORREGIMIENTO DE CAPURGANA MUNICIPIO DE ACANDI;Todos Por el Pacífico; 7,891,517,828 ; -   ;Terminado
11/08/2019;27;CHOCO;27006;Acandi(CHO);Nueva Población Beneficiada Acueducto Urbano;5,249;OPTIMIZACIÓN Y AMPLIACIÓN DEL SISTEMA DE ACUEDUCTO DEL MUNICIPIO DE ACANDI;Todos Por el Pacífico; 11,929,315,274 ; -   ;Terminado
10/29/2019 ;27;CHOCO;27001;Quibdo(CHO);Nueva Población Beneficiada Acueducto Urbano;147,12;DISEÑOS PARA LA OPTIMIZACION DE LOS SISTEMAS DE ACUEDUCTO Y ALCANTARILLADO DEL MUNICIPIO DE QUIBDO;PGN; 3,713,372,232 ; -   ;Liquidado
10/29/2019 ;27;CHOCO;27001;Quibdo(CHO);Nueva Población Beneficiada Alcantarillado Urbano;147,12;DISEÑOS PARA LA OPTIMIZACION DE LOS SISTEMAS DE ACUEDUCTO Y ALCANTARILLADO DEL MUNICIPIO DE QUIBDO;PGN; 3,713,372,232 ; -   ;Liquidado
04/25/2022 ;27;CHOCO;27001;Quibdo(CHO);Nueva Población Beneficiada Alcantarillado Urbano;306;CONSTRUCCIÓN DEL SISTEMA DE ALCANTARILLADO EN LA COMUNIDAD INDÍGENA DEL KM7 SECTOR LAS PALMAS MUNICIPIO DE QUIBDO;Obras por Impuestos; -   ; -   ;Liquidado
9/03/2018;27;CHOCO;27001;Quibdo(CHO);Nueva Población Beneficiada Acueducto Urbano;13,9;OPTIMIZACION REDES DEL SISTEMA DE ACUEDUCTO DE LA CABECERA MUNICIPAL DE QUIBDO;PGN; 29,523,698,987 ; 17,293,269,935 ;En Liquidación
12/20/2019 ;27;CHOCO;27099;Bojaya (bellavista)(CHO);Nueva Población Beneficiada Acueducto Urbano;1,689;OPTIMIZACION DEL SISTEMA DE ACUEDUCTO DE LA CABECERA MUNICIPAL DE BOJAYA;PGN; 4,560,847,254 ; -   ;Liquidado
10/20/2024 ;23;CORDOBA;23068;Ayapel(COR);Nueva Población Beneficiada Acueducto Urbano;24,362;ETAPA I DE LA REHABILITACION AMPLIACION Y SECTORIZACION DE LAS REDES DE ACUEDUCTO Y AUMENTO DE LA CAPACIDAD DE ALMACENAMIENTO A TRAVES DE LA CONSTRUCCION DE TANQUE ELEVADO Y SEMIENTERRADO EN EL MUNICIPIO DE AYAPEL.;PGN; 20,077,888,528 ; 8,212,514,013 ;Terminado
09/23/2024 ;23;CORDOBA;23162;Cerete(COR), San Carlos(COR);Nueva Población Beneficiada Acueducto Rural;2,414;OPTIMIZACIÓN DEL SISTEMA DEL ACUEDUCTO REGIONAL ENTRE LOS MUNICIPIOS DE CERETÉ Y SAN CARLOS DEL DEPARTAMENTO DE CÓRDOBA;PGN; 8,245,124,876 ; 8,954,786,274 ;Terminado
09/18/2023 ;23;CORDOBA;23660;Sahagun(COR);Nueva Población Beneficiada Acueducto Urbano;45,655;OPTIMIZACION Y AMPLIACION DEL SISTEMA DE ACUEDUCTO EN EL MUNICIPIO DE SAHAGUN FASE II (ACT);PGN; 6,118,679,519 ; 4,199,093,788 ;Terminado
02/28/2025 ;23;CORDOBA;23855;Valencia(COR);Nueva Población Beneficiada Acueducto Urbano;27,049;OPTIMIZACIÓN Y SECTORIZACIÓN HIDRAULICA DE LA RED DE ACUEDUCTO DEL CASCO  URBANO DEL MUNICIPIO DE VALENCIA, DEPARTAMENTO DE CÓRDOBA;PGN; 12,883,527,935 ; 7,681,832,896 ;Terminado
06/14/2024 ;23;CORDOBA;23162;Cerete(COR);Nueva Población Beneficiada Alcantarillado Urbano;4,95;CONSTRUCCIÓN DE REDES DE ALCANTARILLADO Y AMPLIACIÓN DE COBERTURA DEL SECTOR No. 5 MUNICIPIO DE CERETÉ;PGN; 13,093,905,610 ; -   ;Terminado
11/26/2020 ;23;CORDOBA;23162;Cerete(COR);Nueva Población Beneficiada Alcantarillado Urbano;220;CONSTRUCCION DE REDES DE ALCANTARILLADO Y AMPLIACION DE COBERTURA DEL SECTOR No. 4  DEL MUNICIPIO DE CERETE ETAPA I.;PGN; 6,000,000,000 ; -   ;En Liquidación
02/26/2019 ;23;CORDOBA;23001;Monteria(COR);Nueva Población Beneficiada Alcantarillado Urbano;5,249;EXTENSIÓN DE REDES DE ALCANTARILLADO EN LOS BARRIOS BONANZA, CARIBE Y VILLA CARIBE DE LA CIUDAD DE MONTERÍA-CÓRDOBA;PGN; 8,103,482,036 ; -   ;Liquidado
03/20/2025 ;23;CORDOBA;23555;Planeta Rica(COR);Nueva Población Beneficiada Acueducto Urbano;62,796;CONSTRUCCION DE TANQUE DE ALMACENAMIENTO, SISTEMA DE BOMBEO Y CONDUCCION A TANQUE ELEVADO CENTRO PARA LA OPTIMIZACION DEL ACUEDUCTO DEL MUNICIPIO DE PLANETA RICA – ETAPA II - CORDOBA;PGN; 4,915,383,194 ; -   ;Terminado
02/28/2020 ;23;CORDOBA;23350;La Apartada(COR);Nueva Población Beneficiada Alcantarillado Urbano;6,455;OPTIMIZACIÓN DE REDES DE ALCANTARILLADO SANITARIO DEL MUNICIPIO DE LA APARTADA, FASE I;PDA; -   ; 4,157,136,957 ;Liquidado
9/10/2022;23;CORDOBA;23001;Monteria(COR);Nueva Población Beneficiada Acueducto Rural;5,325;OPTIMIZACION DEL SISTEMA DE ACUEDUCTO DEL CORREGIMIENTO SAN ISIDRO Y LAS VEREDAS GALILEA, LOS MONCHOLOS, NUEVO PARAISO, GRAN ESFUERZO, EL CONGO, NUEVA OLA, SAN ANTERITO Y SALAMINA DEL MUNICIPIO MONTERIA EN EL DEPARTAMENTO DE CORDOBA;PGN; 8,689,157,849 ; 4,039,948,155 ;Terminado
04/30/2021 ;23;CORDOBA;23162;Cerete(COR);Nueva Población Beneficiada Alcantarillado Urbano;3,261;CONSTRUCCIÓN DE REDES DE ALCANTARILLADO Y AMPLIACIÓN DE COBERTURA DE SECTORES No. 4 ETAPA 1 FASE II MUNICIPIO DE CERETÉ;PGN; 5,946,597,729 ; -   ;En Liquidación
11/17/2023 ;23;CORDOBA;23855;Valencia(COR);Nueva Población Beneficiada Acueducto Rural;800;OPTIMIZACION  DEL SISTEMA DE ACUEDUCTO DEL CORREGIMIENTO DE JARAGUAY MUNICIPIO DE VALENCIA;PGN; 1,974,580,106 ; -   ;Terminado
10/22/2021 ;25;CUNDINAMARCA;25473;Mosquera(CUN);Nueva Población Beneficiada Alcantarillado Urbano;5,265;OPTIMIZACION REDES DE ALCANTARILLADO SANITARIO Y PLUVIAL Y LA CONSTRUCCION ESTACION DE BOMBEO DE ALCANTARILLADO DE AGUAS LLUVIAS DEL BARRIO EL PORVENIR RIO MUNICIPIO DE MOSQUERA FASE I.-ESTACION DE BOMBEO DE ALCANTARILLADO AGUAS LLUVIAS.;PDA; -   ; 4,282,184,385 ;Liquidado Contrato Obra
03/15/2020 ;25;CUNDINAMARCA;25524;Pandi(CUN);Nueva Población Beneficiada Acueducto Urbano;832;OPTIMIZACIÓN DE REDES PRINCIPALES Y CONSTRUCCIÓN DE REDES SECUNDARIAS ACUEDUCTO REGIONAL DE PANDI CUNDINAMARCA FASE III;PDA; -   ; 1,702,522,308 ;Liquidado
3/03/2022;25;CUNDINAMARCA;25491;Nocaima(CUN);Nueva Población Beneficiada Alcantarillado Urbano;726;MEJORAMIENTO RED DE ALCANTARILLADO MUNICIPIO DE NOCAIMA;PDA; -   ; 5,252,494,668 ;En Liquidación
11/30/2023 ;25;CUNDINAMARCA;25662;San Juan De Rioseco(CUN);Nueva Población Beneficiada Acueducto Urbano;4,798;CONSTRUCCION PLAN MAESTRO DE ACUEDUCTO URBANO  MUNICIPIO DE SAN JUAN DE RIOSECO;PDA; -   ; 12,864,464,230 ;Terminado
08/24/2023 ;25;CUNDINAMARCA;25612;Ricaurte(CUN);Nueva Población Beneficiada Alcantarillado Urbano;10,131;PLAN MAESTRO DE ALCANTARILLADO SANITARIO Y PLUVIAL FASE III ETAPA I  DEL MUNICIPIO DE RICAURTE;PGN; 6,699,513,661 ; 4,781,613,671 ;Terminado
08/30/2024 ;25;CUNDINAMARCA;25743;Silvania(CUN);Nueva Población Beneficiada Alcantarillado Urbano;5,528;OPTIMIZACION Y ACTUALlZACION DEL PLAN MAESTRO DEL SISTEMA DE ALCANTARILLADO FASE I PARA EL CASCO URBANO DEL MUNICIPIO DE SILVANIA EL DEPARATAMENTO DE CUNDINAMARCA;PDA; -   ; 17,805,307,131 ;Terminado
10/30/2021 ;25;CUNDINAMARCA;25328;>CUNDINAMARCA<, Guayabal De Siquima(CUN), Guayabetal(CUN), Paratebueno(CUN);Nueva Población Beneficiada Alcantarillado Rural;1,58;CONSTRUCCIÓN DE UNIDADES SANITARIA PARA LAS ZONAS MAS AFECTADAS POR EL CONFLICTO ARMADO DEL DEPARTAMENTO DE CUNDINAMARCA;Obras por Impuestos; -   ; -   ;Liquidado
12/02/2020;25;CUNDINAMARCA;25875;Villeta(CUN);Nueva Población Beneficiada Acueducto Rural;115;CONSTRUCCION PARA LA OPTIMIZACION DEL SISTEMA ACUEDUCTO Y ALCANTARILLADO DEL CENTRO POBLADO EL PUENTE MUNICPIO DE VILLETA;PDA; -   ; 1,264,333,207 ;Liquidado Contrato Obra
12/02/2020;25;CUNDINAMARCA;25875;Villeta(CUN);Nueva Población Beneficiada Alcantarillado Rural;115;CONSTRUCCION PARA LA OPTIMIZACION DEL SISTEMA ACUEDUCTO Y ALCANTARILLADO DEL CENTRO POBLADO EL PUENTE MUNICPIO DE VILLETA;PDA; -   ; 1,264,333,207 ;Liquidado Contrato Obra
10/30/2020 ;25;CUNDINAMARCA;25168;Chaguani(CUN), La Palma(CUN), Paratebueno(CUN), Puli(CUN), Viota(CUN);Nueva Población Beneficiada Acueducto Urbano;880;"CONSTRUCCIÓN DE CONEXIONES INTRADOMICILIARIAS PARA LAS ZONAS MAS AFECTADAS POR EL CONFLICTO ARMADO ""ZOMAC"" DE DEPARTAMENTO DE CUNDINAMARCA";Obras por Impuestos; -   ; -   ;Terminado
10/30/2020 ;25;CUNDINAMARCA;25168;Chaguani(CUN), La Palma(CUN), Paratebueno(CUN), Puli(CUN), Viota(CUN);Nueva Población Beneficiada Acueducto Rural;455;"CONSTRUCCIÓN DE CONEXIONES INTRADOMICILIARIAS PARA LAS ZONAS MAS AFECTADAS POR EL CONFLICTO ARMADO ""ZOMAC"" DE DEPARTAMENTO DE CUNDINAMARCA";Obras por Impuestos; -   ; -   ;Terminado
10/30/2020 ;25;CUNDINAMARCA;25168;Chaguani(CUN), La Palma(CUN), Paratebueno(CUN), Puli(CUN), Viota(CUN);Nueva Población Beneficiada Alcantarillado Urbano;880;"CONSTRUCCIÓN DE CONEXIONES INTRADOMICILIARIAS PARA LAS ZONAS MAS AFECTADAS POR EL CONFLICTO ARMADO ""ZOMAC"" DE DEPARTAMENTO DE CUNDINAMARCA";Obras por Impuestos; -   ; -   ;Terminado
10/30/2020 ;25;CUNDINAMARCA;25168;Chaguani(CUN), La Palma(CUN), Paratebueno(CUN), Puli(CUN), Viota(CUN);Nueva Población Beneficiada Alcantarillado Rural;455;"CONSTRUCCIÓN DE CONEXIONES INTRADOMICILIARIAS PARA LAS ZONAS MAS AFECTADAS POR EL CONFLICTO ARMADO ""ZOMAC"" DE DEPARTAMENTO DE CUNDINAMARCA";Obras por Impuestos; -   ; -   ;Terminado
12/28/2019 ;25;CUNDINAMARCA;25807;Tibirita(CUN);Nueva Población Beneficiada Acueducto Urbano;155;CONSTRUCCION DE LAS OBRAS DE OPTIMIZACION DE LOS SISTEMAS DE ACUEDUCTO DEL MUNICIPIO DE TIBIRITA;PDA; -   ; 604,532,366 ;Liquidado Contrato Obra
11/30/2023 ;25;CUNDINAMARCA;25317;Guachetá(CUN);Nueva Población Beneficiada Alcantarillado Urbano;5,979;OPTIMIZACION ALCANTARILLADO SANITARIO Y PLUVIAL DEL  CASCO URBANO DEL MUNICIPIO DE GUACHETA;PDA; -   ; 4,597,662,045 ;Terminado
9/07/2020;25;CUNDINAMARCA;25372;Junín(CUN);Nueva Población Beneficiada Alcantarillado Urbano;1,054;CONSTRUCCION DE LA PLANTA DE TRATAMIENTO DE AGUAS RESIDUALES (PTAR) DEL CASCO URBANO DEL MUNICIPIO DE JUNIN;PDA; -   ; 1,313,423,785 ;Terminado
09/29/2020 ;25;CUNDINAMARCA;25862;Vergara(CUN);Nueva Población Beneficiada Alcantarillado Urbano;1,919;CONSTRUCCION  PARA LA OPTIMIZACION DEL SISTEMA DE ALCANTARILLADO DEL CENTRO URBANO MUNICIPIO DE VERGARA;PDA; -   ; 2,144,711,617 ;Terminado
04/21/2019 ;25;CUNDINAMARCA;25307;Girardot(CUN);Nueva Población Beneficiada Acueducto Urbano;544;CONSTRUCCIÓN ACUEDUCTO, ALCANTARILLADO  SANITARIO Y PLUVIAL EN EL PROYECTO URBANISTICO VALLE DEL SOL ETAPA II  GIRARDOT, CUNDINAMARCA;PDA; -   ; 704,827,034 ;Terminado
04/21/2019 ;25;CUNDINAMARCA;25307;Girardot(CUN);Nueva Población Beneficiada Alcantarillado Urbano;544;CONSTRUCCIÓN ACUEDUCTO, ALCANTARILLADO  SANITARIO Y PLUVIAL EN EL PROYECTO URBANISTICO VALLE DEL SOL ETAPA II  GIRARDOT, CUNDINAMARCA;PDA; -   ; 704,827,034 ;Terminado
9/11/2018;25;CUNDINAMARCA;25126;Cajica(CUN);Nueva Población Beneficiada Alcantarillado Urbano;1,206;CONSTRUCCION PARA LA OPTIMIZACION DEL SISTEMA DE ALCANTARILLADO DEL CENTRO URBANO DE CAJICA;PDA; 2,342,967,710 ; 6,963,429,394 ;En Liquidación
02/27/2023 ;25;CUNDINAMARCA;25473;Mosquera(CUN);Nueva Población Beneficiada Acueducto Rural;3,105;CONSTRUCCIÓN DEL ACUEDUCTO RURAL PARA LAS VEREDAS SAN JOSE Y BALSILLA, CON LOS SECTORES PLAYÓN, PARCELAS, MONDOÑEDO, LOS PUENTES, VISTA HERMOSA, PENCAL Y SECTOR LOS PINOS MUNICIPIO DE MOSQUERA;PDA; -   ; 5,509,850,004 ;Terminado
3/09/2023;25;CUNDINAMARCA;25649;San Bernardo(CUN);Nueva Población Beneficiada Acueducto Urbano;945;CONSTRUCCION DE LAS OBRAS DEL PLAN MAESTRO DE ACUEDUCTO DEL MUNICIPIO DE SAN BERNARDO;PDA; -   ; 5,787,813,449 ;Terminado
7/05/2019;95;GUAVIARE;95200;Miraflores(GUA);Nueva Población Beneficiada Alcantarillado Urbano;60;PLAN MAESTRO DE  ALCANTARILLADO MUNICIPIO DE MIRAFLORES FASE 2;PDA; 2,406,482,495 ; 3,692,518,983 ;Liquidado Contrato Obra
4/11/2023;41;HUILA;41518;Paicol(HUI);Nueva Población Beneficiada Alcantarillado Urbano;1,48;OPTIMIZACIÓN SISTEMA DE ALCANTARILLADO COMBINADO CASCO URBANO PRIMERA FASE SECTOR OCCIDENTE DEL MUNICIPIO DE PAICOL-DEPARTAMENTO DEL HUILA;PDA; -   ; 3,979,239,508 ;En Liquidación
04/13/2023 ;41;HUILA;41660;Saladoblanco(HUI);Nueva Población Beneficiada Acueducto Urbano;100;CONSTRUCCION PLAN MAESTRO DE ACUEDUCTO Y  ALCANTARILLADO MUNICIPIO DE SALADOBLANCO FASE I;PDA; -   ; 6,266,140,056 ;Liquidado
04/13/2023 ;41;HUILA;41660;Saladoblanco(HUI);Nueva Población Beneficiada Alcantarillado Urbano;4,026;CONSTRUCCION PLAN MAESTRO DE ACUEDUCTO Y  ALCANTARILLADO MUNICIPIO DE SALADOBLANCO FASE I;PDA; -   ; 6,266,140,056 ;Liquidado
12/31/2020 ;41;HUILA;41001;Neiva(HUI);Nueva Población Beneficiada Alcantarillado Urbano;1,22;CONSTRUCCIÓN DE LA PRIMERA FASE DE LA RED DE ALCANTARILLADO SANITARIO DEL BARRIO VILLA COLOMBIA, COMUNA 9 DE LA CIUDAD DE NEIVA, DEPARTAMENTO DEL HUILA;PGN; 2,000,000,000 ; 5,947,633 ;Liquidado
10/10/2020;41;HUILA;41001;Neiva(HUI);Nueva Población Beneficiada Alcantarillado Urbano;7,853;CONSTRUCCION INTERCEPTOR AGUAS LLUVIAS CARRERA 18 ENTRE CALLE 41 Y 50 COMUNA 2 MUNICIPIO DE NEIVA;PDA; -   ; 1,592,614,548 ;Terminado
12/22/2023 ;41;HUILA;41001;Neiva(HUI);Nueva Población Beneficiada Alcantarillado Urbano;815;CONSTRUCCIÓN DEL ALCANTARILLADO SANITARIO Y PLUVIAL DEL BARRIO LOS ANDAQUÍES, COMUNA 1 DE LA CIUDAD DE NEIVA;PDA; -   ; 4,669,278,563 ;Terminado
11/20/2018 ;41;HUILA;41378;La Argentina(HUI);Nueva Población Beneficiada Acueducto Urbano;734;PLAN MAESTRO DE ACUEDUCTO Y ALCANTARILLADO FASE I-MUNICIPIO DE LA ARGENTINA;PGN; 6,250,698,869 ; -   ;Liquidado
11/04/2021;41;HUILA;41483;Nataga(HUI);Nueva Población Beneficiada Acueducto Urbano;73;CONSTRUCCIÓN PLAN MAESTRO DE ACUEDUCTO DEL MUNICIPIO DE NATAGA-HUILA  FASE I;PDA; -   ; 3,980,121,365 ;Liquidado
12/12/2021;41;HUILA;41807;Timana(HUI);Nueva Población Beneficiada Alcantarillado Urbano;160;REHABILITACIÓN DE ALCANTARILLADO SANITARIO DE LA CARRERA 4 ENTRE CALLE 7 A CALLE 10 DEL MUNICIPIO DE TIMANA DEPARTAMENTO DEL HUILA;Ola Invernal Mayor; -   ; 474,460,194 ;Terminado
05/24/2019 ;41;HUILA;41298;Garzon(HUI);Nueva Población Beneficiada Acueducto Urbano;42,161;PLAN MAESTRO DE ACUEDUCTO MUNICIPIO DE GARZON FASE 1;PDA; 1,452,963,501 ; 9,963,904,256 ;Liquidado
11/08/2024;41;HUILA;41359;Isnos(HUI);Nueva Población Beneficiada Alcantarillado Urbano;384;PREVENCION DE RIESGOS POR INUNDACION CON LA CONSTRUCCION DE LA FASE II , DEL SISTEMA DE ALCANTARILLADO COMBINADO DE LOS BARRIOS EL PORVENIR Y CRISTO REY DEL MUNICIPIO DE ISNOS DEL DEPARTAMENTO DEL HUILA;Ola Invernal Menor; -   ; 395,005,266 ;Terminado
06/17/2019 ;41;HUILA;41518;Paicol(HUI);Nueva Población Beneficiada Alcantarillado Urbano;5,603;CONSTRUCCIÓN PLANTA DE TRATAMIENTO DE AGUAS RESIDUALES DOMESTICAS CASCO URBANO DEL MUNICIPIO DE PAICOL-HUILA;PDA; -   ; 1,533,655,867 ;Liquidado
07/29/2021 ;41;HUILA;41001;Neiva(HUI);Nueva Población Beneficiada Alcantarillado Urbano;1,794;"CONSTRUCCION DEL ALCANTARILLADO SANITARIO BARRIO BARREIRO COMPRENDIDO ENTRE CALLES 27 A 29 Y CARRERAS 52"" A 55""";;;;
12/23/2022 ;41;HUILA;41551;Pitalito(HUI);Nueva Población Beneficiada Alcantarillado Urbano;80,17;CONSTRUCCIÓN DE COLECTORES DEL SISTEMA DE ALCANTARILLADO PLUVIAL EN LA COMUNA UNO DEL MUNICIPIO DE PITALITO-HUILA;PGN; 2,904,901,507 ; 35,668,264 ;Terminado
10/09/2023;41;HUILA;41001;Neiva(HUI);Nueva Población Beneficiada Acueducto Urbano;44,55;CONSTRUCCIÓN Y OPTIMIZACIÓN DE LA LÍNEA EXPRESA DE ACUEDUCTO DE LA ESTACIÓN DEL TREN DEL MUNICIPIO DE NEIVA, DEPARTAMENTO DEL HUILA;PDA; -   ; 11,128,677,123 ;En Liquidación
11/29/2021 ;41;HUILA;41396;La Plata(HUI);Nueva Población Beneficiada Acueducto Rural;1,751;CONSTRUCCION DEL SISTEMA DE ACUEDUCTO RURAL REGIONAL SANTA MARTHA, BIRMANIA, VEREDAS SANTA MARTHA, EL ROBLE, EL ALTO AURORA, SAN MIGUEL, LOS CAUCHOS, VILLA ESPERANZA, LOS PINOS, VILLA MERCEDES, BAJO VILLA MERCEDES DEL MUNICIPIO DE LA PLATA;PGN; 5,936,504,087 ; 417,000,000 ;Liquidado Contrato Obra
11/15/2019 ;41;HUILA;41378;La Argentina(HUI);Nueva Población Beneficiada Acueducto Rural;734;CONSTRUCCIÓN PLAN MAESTRO DE ACUEDUCTO CENTRO POBLADO EL PENSIL (LA ARGENTINA) HUILA FASE I;PDA; -   ; 1,661,244,655 ;Liquidado
7/11/2020;41;HUILA;41319;Guadalupe(HUI);Nueva Población Beneficiada Alcantarillado Rural;1;CONSTRUCCIÓN ALCANTARILLADO SANITARIO CENTRO POBLADO LOS CAUCHOS, MUNICIPIO DE GUADALUPE;PDA; -   ; 4,543,152,539 ;Liquidado
01/14/2020 ;41;HUILA;41298;Garzon(HUI);Nueva Población Beneficiada Alcantarillado Urbano;42,893;CONSTRUCCION COLECTORES DEL SISTEMA DE ALCANTARILLADO DEL MUNICIPIO DE GARZÓN, HUILA;PDA; -   ; 2,449,328,786 ;Liquidado
12/15/2021 ;41;HUILA;41006;Acevedo(HUI);Nueva Población Beneficiada Acueducto Urbano;391;CONSTRUCCION PLAN MAESTRO DE ACUEDUCTO DEL MUNICIPIO DE ACEVEDO;PDA; -   ; 3,928,304,657 ;Liquidado
12/16/2022 ;41;HUILA;41006;Acevedo(HUI);Nueva Población Beneficiada Alcantarillado Urbano;306;CONSTRUCCION PLAN MAESTRO DE ALCANTARILLADO SANITARIO Y PLUVIAL DEL MUNICIPIO DE ACEVEDO-FASE I;PDA; -   ; 8,233,171,613 ;Terminado
05/17/2019 ;44;LA GUAJIRA;44035;Albania(LA );Nueva Población Beneficiada Acueducto Urbano;1,272;CONSTRUCION DEL NUEVO ACUEDUCTO PARA LA CABECERA MUNICIPAL DE ALBANIA FASE I;PDA; -   ; 11,038,602,804 ;Terminado
06/14/2024 ;44;LA GUAJIRA;44001;Maicao(LA ), Manaure(LA ), Riohacha(LA ), Uribia(LA );Nueva Población Beneficiada Acueducto Rural;2;608 de 2024 FLESHMAN REALIZAR 1 REHABILITACION APROXIMADAMENTE EN EL DEPARTAMENTO DE LA GUAJIRA;PGN; 173,000,000 ; -   ;Terminado
11/24/2018 ;44;LA GUAJIRA;44430;Maicao(LA );Nueva Población Beneficiada Acueducto Urbano;6,72;PRESURIZACION RED DE ACUEDUCTO, INCLUYE PROYECTO PILOTO, MICROMEDICION, ELIMINACION DE FRAUDES Y PROCESO DE DIVULGACION Y CAMPAÑAS DE SOCIALIZACION DEL MUNICIPIO DE MAICAO;PDA; -   ; 8,788,796,454 ;Terminado
12/14/2021 ;44;LA GUAJIRA;44110;El Molino(LA );Nueva Población Beneficiada Acueducto Urbano;530;OPTIMIZACIÓN DEL SISTEMA DE ACUEDUCTO DEL MUNICIPIO DE EL MOLINO, DEPARTAMENTO DE LA GUAJIRA;PDA; -   ; 2,696,050,631 ;Terminado
6/12/2021;44;LA GUAJIRA;44430;Maicao(LA );Nueva Población Beneficiada Acueducto Rural;10;MODELO DE DISTRIBUCION DE AGUA POTABLE PARA LAS COMUNIDADES INDIGENAS WAYÚU DE LA ZONA RURAL DISPERSA DEL MUNICIPIO DE MAICAO-LA GUAJIRA;Obras por Impuestos; -   ; -   ;Terminado
09/30/2023 ;44;LA GUAJIRA;44874;Villanueva(LA );Nueva Población Beneficiada Acueducto Urbano;36,375;NUEVO OPTIMIZACIÓN DE LA PLANTA DE TRATAMIENTO DE AGUA POTABLE DEL MUNICIPIO DE VILLANUEVA, DEPARTAMENTO DE LA GUAJIRA;PDA; -   ; 2,216,533,612 ;Terminado
11/30/2021 ;44;LA GUAJIRA;44430;Maicao(LA );Nueva Población Beneficiada Acueducto Rural;2,653;CONSTRUCCIÓN DE OBRAS EN EL PUNTO DE PRODUCCIÓN, SISTEMA DE TRATAMIENTO OSMOSIS INVERSA, CONSTRUCCIÓN PILAS AFERENTES, SUMINISTRO DE DOTACIÓN PARA PILAS, COMPONENTE SOCIAL Y ASEGURAMIENTO EN LA COMUNIDAD DE AMARIPA, MUNICIPIO DE MAICAO, LA GUAJIRA;Obras por Impuestos; -   ; -   ;Terminado
3/02/2022;44;LA GUAJIRA;44001;Riohacha(LA );Nueva Población Beneficiada Acueducto Urbano;21,507;AMPLIACIÓN DE REDES DE ACUEDUCTO EN EL DISTRITO DE RIOHACHA;Obras por Impuestos; -   ; -   ;Liquidado
10/31/2018 ;44;LA GUAJIRA;44430;Maicao(LA );Nueva Población Beneficiada Acueducto Urbano;3,865;CONSTRUCCION OBRAS DE OPTIMIZACION HIDRAULICA ETAPA III DE LOS SECTORES 1,2,3 Y 4. REHABILITACION ESTRUCTURAL Y RENOVACION DE LAS INSTALACIONES HIDRAULICAS DE LOS TANQUES DE ALMACENAMIENTO LOMA FRESCA Y SAN JOSE MUNICIPIO DE MAICAO.;PDA; -   ; 4,058,841,035 ;Terminado
10/30/2018 ;44;LA GUAJIRA;44430;Maicao(LA );Nueva Población Beneficiada Alcantarillado Urbano;6,19;CONSTRUCCION Y REPOSICION DE REDES DE ALCANTARILLADO SANITARIO Y CONEXIONES DOMICILIARIAS E INTRADOMICILIARIAS BARRIOS NUEVA ESPERANZA, CAMILO TORRES, 11 DE NOVIEMBRE, VILLA INES, EL BOSQUE Y ZONAS ALEDAÑAS MUNICIPIO DE MAICAO *;PDA; -   ; 3,832,330,298 ;Terminado
10/31/2018 ;44;LA GUAJIRA;44874;Villanueva(LA );Nueva Población Beneficiada Acueducto Urbano;593;OPTIMIZACION HIDRAULICA DE LA RED  DE DISTRIBUCION DEL SISTEMA DE ACUEDUCTO DEL MUNICIPIO DE VILLANUEVA;PDA; -   ; 8,854,898,000 ;Terminado
8/05/2019;44;LA GUAJIRA;44560;Manaure(LA );Nueva Población Beneficiada Acueducto Rural;12,5;MODELO DE DISTRIBUCIÓN DE AGUA POTABLE PARA LAS COMUNIDADES INDÍGENAS WAYUU DE LA ZONA RURAL DISPERSA MUNICIPIO DE MANAURE;BID; 5,831,908,154 ; -   ;En Liquidación
07/27/2023 ;44;LA GUAJIRA;44001;Riohacha(LA );Nueva Población Beneficiada Acueducto Rural;5,032;CONSTRUCCIÓN DE OBRAS EN EL PUNTO DE PRODUCCIÓN, SISTEMA DE FILTRACIÓN RÁPIDA, CONSTRUCCIÓN PILAS AFERENTES, SUMINISTRO DE DOTACIÓN PARA PILAS, COMPONENTE SOCIAL Y ASEGURAMIENTO EN LA COMUNIDAD DE ROMONERO, MUNICIPIO DE RIOHACHA, LA GUAJIRA;PDA; -   ; 4,959,728,683 ;Terminado
2/11/2021;44;LA GUAJIRA;44430;Maicao(LA );Nueva Población Beneficiada Acueducto Rural;3,002;IMPLEMENTACIÓN MODELO DE DISTRIBUCIÓN DE AGUA POTABLE PARA LAS COMUNIDADES INDÍGENAS WAYÚU DE LA ZONA RURAL DISPERSA DEL MUNICIPIO DE MAICAO - LA GUAJIRA MAICAO;Obras por Impuestos; -   ; -   ;En Liquidación
8/04/2020;47;MAGDALENA;47288;Fundacion(MAG);Nueva Población Beneficiada Alcantarillado Urbano;14,732;AMPLIACIÓN Y OPTIMIZACIÓN DEL SISTEMA DE ALCANTARILLADO SANITARIO DEL MUNICIPIO DE FUNDACIÓN ETAPA II;PGN; 36,537,888,134 ; -   ;Liquidado
06/29/2022 ;47;MAGDALENA;47258;El Piñon(MAG);Nueva Población Beneficiada Acueducto Rural;6,961;AMPLIACION Y OPTIMIZACION DEL SISTEMA DE ACUEDUCTO DE LOS CORREGIMIENTOS DE SABANAS, SAN BASILIO Y PLAYON DE OROZCO, MUNICIPIO DE EL PIÑON.;PDA; -   ; 6,284,603,303 ;Terminado
03/25/2022 ;47;MAGDALENA;47745;Sitionuevo(MAG);Nueva Población Beneficiada Acueducto Rural;6,046;OPTIMIZACION Y AMPLIACION DEL SISTEMA DE ACUEDUCTO DEL CORREGIMIENTO DE PALERMO MUNICIPIO DE SITIONUEVO;PDA; -   ; 6,025,447,987 ;Terminado
07/14/2021 ;47;MAGDALENA;47692;San Sebastian De Buenavista(MAG);Nueva Población Beneficiada Acueducto Rural;348;CONSTRUCCION DEL ACUEDUCTO DEL  CORREGIMIENTO EL SEIS, MUNICIPIO DE SAN SEBASTIAN DE BUENAVISTA.;PDA; -   ; 822,168,501 ;Terminado
12/11/2019;47;MAGDALENA;47980;Zona Bananera(MAG);Nueva Población Beneficiada Acueducto Urbano;6,957;OPTIMIZACIÓN Y AMPLIACIÓN DEL SISTEMA DE ACUEDUCTO DEL MUNICIPIO DE ZONA BANANERA, CENTRO NUCLEADO DE GUACAMAYAL;PDA; -   ; 2,896,843,052 ;Liquidado
06/28/2019 ;47;MAGDALENA;47030;Algarrobo(MAG);Nueva Población Beneficiada Alcantarillado Urbano;4,23;CONSTRUCCIÓN DEL SISTEMA DE ALCANTARILLADO  SANITARIO DEL MUNICIPIO DE ALGARROBO, MAGDALENA - FASE II;PGN; 7,180,803,864 ; -   ;Liquidado
01/22/2025 ;47;MAGDALENA;47053;Aracataca(MAG);Nueva Población Beneficiada Alcantarillado Urbano;24,045;OPTIMIZACIÓN Y AMPLIACIÓN DEL SISTEMA DE ALCANTARILLADO SANITARIO DEL MUNICIPIO DE ARACATACA, DEPARTAMENTO DEL MAGDALENA - ETAPA II;PGN; 26,612,381,129 ; -   ;Terminado
02/28/2019 ;47;MAGDALENA;47960;Zapayan(MAG);Nueva Población Beneficiada Alcantarillado Urbano;2,95;CONSTRUCCION DEL SISTEMA DE  ALCANTARILLADO SANITARIO DE LA CABECERA DEL MUNICIPIO DE ZAPAYÁN;PDA; -   ; 5,296,151,252 ;Liquidado Contrato Obra
11/07/2019;47;MAGDALENA;47720;Santa Barbara De Pinto(MAG);Nueva Población Beneficiada Alcantarillado Urbano;2;CONSTRUCCIÓN DEL SISTEMA DE ALCANTARILLADO SANITARIO  DEL MUNICIPIO DE SANTA BÁRBARA DE PINTO DEPARTAMENTO DEL MAGDALENA - FASE II;PDA; -   ; 3,197,330,077 ;Liquidado Contrato Obra
09/15/2020 ;47;MAGDALENA;47058;Ariguani(MAG);Nueva Población Beneficiada Acueducto Urbano;20,701;CONSTRUCCIÓN DE LA LINEA DE CONDUCCIÓN DE LA EBAP 2 A LA EBAP 3 DEL SISTEMA DE ACUEDUCTO DEL MUNICIPIO DE ARIGUANI (POI 3);PDA; -   ; 5,387,214,653 ;Liquidado Contrato Obra
09/30/2019 ;47;MAGDALENA;47053;Aracataca(MAG);Nueva Población Beneficiada Acueducto Rural;9,356;OPTIMIZACIÓN Y AMPLIACIÓN DEL SISTEMA DE ACUEDUCTO DE LOS CORREGIMIENTOS DE BUENOS AIRES Y SAMPUÉS DEL MUNICIPIO DE ARACATACA, DEPARTAMENTO DEL MAGDALENA;PDA; -   ; 6,292,128,227 ;Liquidado Contrato Obra
06/30/2020 ;47;MAGDALENA;47053;Aracataca(MAG), Ariguani(MAG), Cerro San Antonio(MAG), Nueva Granada(MAG), Plato(MAG);Nueva Población Beneficiada Acueducto Urbano;138,541;CONSTRUCCIÓN DE LAS REDES DE ACUEDUCTO Y ALCANTARILLADO DE LOS MUNICIPIOS DE ARACATACA, NUEVA GRANADA, ARIGUANÍ, PLATO Y CERRO DE SAN ANTONIO, EN EL DEPARTAMENTO DEL MAGDALENA;PDA; -   ; 29,519,963,930 ;Terminado
06/30/2020 ;47;MAGDALENA;47053;Aracataca(MAG), Ariguani(MAG), Cerro San Antonio(MAG), Nueva Granada(MAG), Plato(MAG);Nueva Población Beneficiada Alcantarillado Urbano;27,718;CONSTRUCCIÓN DE LAS REDES DE ACUEDUCTO Y ALCANTARILLADO DE LOS MUNICIPIOS DE ARACATACA, NUEVA GRANADA, ARIGUANÍ, PLATO Y CERRO DE SAN ANTONIO, EN EL DEPARTAMENTO DEL MAGDALENA;PDA; -   ; 29,519,963,930 ;Terminado
12/09/2020;47;MAGDALENA;47170;Chivolo(MAG);Nueva Población Beneficiada Alcantarillado Rural;1,435;CONSTRUCCION DEL SISTEMA DE ALCANTARILLADO SANITARIO DEL CORREGIMIENTO DE LA ESTRELLA, MUNICIPIO DE CHIBOLO;PDA; -   ; 2,732,924,997 ;Terminado
04/27/2019 ;47;MAGDALENA;47268;El Reten(MAG);Nueva Población Beneficiada Alcantarillado Urbano;24,056;CONSTRUCCION DEL SISTEMA DE ALCANTARILLADO SANITARIO DEL MUNICIPIO DE EL RETEN;PDA; 756,862,257 ; 9,531,403,911 ;Terminado
09/30/2020 ;47;MAGDALENA;47170;Chivolo(MAG);Nueva Población Beneficiada Alcantarillado Rural;1,231;CONSTRUCCION DEL SISTEMA DE ALCANTARILLADO DEL CORREGIMIENTO DE LA CHINA MUNICIPIO DE CHIBOLO;PDA; -   ; 3,700,155,442 ;Terminado
12/17/2020 ;47;MAGDALENA;47001;Santa Marta(MAG);Nueva Población Beneficiada Alcantarillado Urbano;6,622;CONSTRUCCION ALCANTARILLADO SANITARIO ETAPA II E INSTALACION REDES DE ALCANTARILLADO SANITARIO ETAPA I EN EL SISTEMA SUR EN SANTA MARTA;PDA; 8,499,032,669 ; 6,192,170,960 ;Terminado
3/06/2020;47;MAGDALENA;47053;Aracataca(MAG);Nueva Población Beneficiada Alcantarillado Rural;970;CONSTRUCCIÓN DEL SISTEMA DE ALCANTARILLADO SANITARIO EN EL CORREGIMIENTO DE CAUCA, MUNICIPIO DE ARACATACA;PDA; -   ; 2,623,331,888 ;Terminado
03/19/2021 ;47;MAGDALENA;47555;Plato(MAG);Nueva Población Beneficiada Acueducto Rural;212;OPTIMIZACIÓN Y AMPLIACIÓN DEL SISTEMA DE ACUEDUCTO DEL CORREGIMIENTO DE DISCIPLINA, MUNICIPIO DE PLATO, DEPARTAMENTO DEL MAGDALENA;PDA; -   ; 1,378,884,932 ;Terminado
05/31/2019 ;47;MAGDALENA;47030;Algarrobo(MAG);Nueva Población Beneficiada Alcantarillado Urbano;4,959;CONSTRUCCION DEL SISTEMA DE ALCANTARILLADO DEL MUNICIPIO DE ALGARROBO FASE I;PDA; -   ; 13,277,389,818 ;En Liquidación
7/11/2019;47;MAGDALENA;47551;Pivijay(MAG);Nueva Población Beneficiada Acueducto Rural;795;CONSTRUCCIÓN DEL SISTEMA DE ACUEDUCTO DEL  CORREGIMIENTO DE PIÑUELAS, MUNICIPIO DE PIVIJAY, DEPARTAMENTO DEL MAGDALENA;PDA; -   ; 1,768,846,273 ;En Liquidación
10/09/2021;50;META;50318;Guamal(MET);Nueva Población Beneficiada Alcantarillado Urbano;14,4;AMPLIACION Y OPTIMIZACION DE LA PLANTA DE TRATAMIENTO DE AGUAS RESIDUALES DEL MUNICIPIO DE GUAMAL;PDA; -   ; 7,066,688,946 ;Terminado
08/31/2020 ;50;META;50711;Vista Hermosa(MET);Nueva Población Beneficiada Acueducto Rural;1,046;CONSTRUCCION PLAN MAESTRO DE ACUEDUCTO Y ALCANTARILLADO  CENTRO POBLADO MARACAIBO Y VEREDA GUAPAYA BAJO DEL MUNICIPIO DE VISTA HERMOSA;Programa Rural; 8,808,562,511 ; -   ;En Liquidación
08/31/2020 ;50;META;50711;Vista Hermosa(MET);Nueva Población Beneficiada Alcantarillado Rural;1,046;CONSTRUCCION PLAN MAESTRO DE ACUEDUCTO Y ALCANTARILLADO  CENTRO POBLADO MARACAIBO Y VEREDA GUAPAYA BAJO DEL MUNICIPIO DE VISTA HERMOSA;Programa Rural; 8,808,562,511 ; -   ;En Liquidación
12/08/2020;50;META;50450;Puerto Concordia(MET);Nueva Población Beneficiada Acueducto Urbano;3,054;AMPLIACION Y OPTIMIZACION DEL SISTEMA DE ACUEDUCTO  DEL MUNICIPIO DE PUERTO CONCORDIA;PDA; -   ; 6,828,964,260 ;En Liquidación
11/09/2020;50;META;50330;Mesetas(MET);Nueva Población Beneficiada Acueducto Urbano;1,302;AMPLIACION Y OPTIMIZACION DEL SISTEMA DE ACUEDUCTO DEL MUNICIPIO DE MESETAS.;PDA; -   ; 4,466,924,836 ;En Liquidación
2/03/2020;50;META;50001;Villavicencio(MET);Nueva Población Beneficiada Alcantarillado Urbano;11,95;CONSTRUCCION ALCANTARILLADO PLUVIAL EN EL BARRIO SAN CARLOS EN EL MUNICIPIO DE VILLAVICENCIO;PGN; 6,559,012,246 ; -   ;Liquidado
08/15/2024 ;54;N DE SANTANDER;54261;El Zulia(N D);Nueva Población Beneficiada Acueducto Rural;680;OPTIMIZACIÓN DEL SISTEMA DE ACUEDUCTO DE LAS VEREDAS LA COLORADA, LA RAMPACHALA Y EL SALTO DEL MUNICIPIO EL ZULIA DEPARTAMENTO NORTE DE SANTANDER;PGN; 2,141,584,434 ; 2,011,934,244 ;Terminado
3/12/2022;54;N DE SANTANDER;54261;El Zulia(N D);Nueva Población Beneficiada Acueducto Rural;4,322;OPTIMIZACIÓN DEL  SISTEMA DE ACUEDUCTO DE LA VEREDA DE ASTILLEROS, MUNICIPIO EL ZULIA;Tasa Compensada; -   ; 4,640,742,990 ;Terminado
12/30/2021 ;54;N DE SANTANDER;54518;Pamplona(N D);Nueva Población Beneficiada Alcantarillado Urbano;57,497;CONEXION DE VERTIMIENTOS PRINCIPALES AL SISTEMA DE ALCANTARILLADO URBANO DE PAMPLONA;PDA; -   ; 824,337,454 ;Terminado
11/19/2021 ;54;N DE SANTANDER;54344;Hacarí(N D);Nueva Población Beneficiada Acueducto Rural;777;CONSTRUCCION SISTEMA DE ACUEDUCTO EN EL CENTRO POBLADO SAN JOSE DEL TARRA DEL MUNICIPIO DE HACARI;PDA; -   ; 1,529,593,491 ;Terminado
11/09/2022;54;N DE SANTANDER;54261;El Zulia(N D);Nueva Población Beneficiada Acueducto Rural;445;CONSTRUCCIÓN DE SISTEMA DE ACUEDUCTO PARA LA VEREDA EL TABLAZO EN EL MUNICIPIO DE EL ZULIA NORTE DE SANTANDER;Obras por Impuestos; -   ; -   ;Liquidado
07/26/2019 ;54;N DE SANTANDER;54673;San Cayetano(N D);Nueva Población Beneficiada Acueducto Rural;2,617;OPTIMIZACION ADUCCION ACUEDUCTO CORREGIMIENTO DE CORNEJO MUNICIPIO DE SAN CAYETANO;PDA; 1,827,179,844 ; 104,011,892 ;Terminado
03/23/2021 ;54;N DE SANTANDER;54405;Los Patios(N D);Nueva Población Beneficiada Alcantarillado Urbano;98,082;CONSTRUCCION INTERCEPTORES SUR ORIENTAL Y NOR OCCIDENTAL ALCANTARILLADO LOS PATIOS (REFORMULACION);PDA; 2,878,243,822 ; 437,694,630 ;Terminado
03/24/2021 ;54;N DE SANTANDER;54385;La Esperanza(N D);Nueva Población Beneficiada Acueducto Rural;3,004;OPTIMIZACION SISTEMA DE ACUEDUCTO  CORREGIMIENTO LA PEDREGOSA, MUNICIPIO LA ESPERANZA;PDA; 596,798,571 ; 3,522,834,284 ;Terminado
1/03/2019;52;NARIÑO;52788;Tangua(NAR);Nueva Población Beneficiada Acueducto Rural;1,821;OPTIMIZACION SISTEMAS DE ACUEDUCTO PARA LAS VEREDAS AJOS, TAMBOR, CEBADAL Y BUENA ESPERANZA DEL MUNICIPIO DE TANGUA;PDA; 850,755,674 ; 660,991,712 ;Liquidado
05/29/2021 ;52;NARIÑO;52378;La Cruz(NAR);Nueva Población Beneficiada Alcantarillado Rural;800;CONSTRUCCION UNIDADES SANITARIAS PARA EL MEJORAMIENTO DE LAS CONDICIONES DE SANEAMIENTO DE LA ZONA RURAL DEL MUNICIPIO DE LA CRUZ;PDA; 1,735,748,969 ; 757,288,529 ;Liquidado
10/29/2019 ;52;NARIÑO;52022;Aldana(NAR);Nueva Población Beneficiada Alcantarillado Rural;273;CONSTRUCCIÓN DE UNIDADES SANITARIAS PARA HOGARES DEL SECTOR RURAL DEL MUNICIPIO DE ALDANA DEPARTAMENTO DE NARIÑO;PDA; 80,000,000 ; 1,382,187,614 ;Liquidado Contrato Obra
01/23/2019 ;52;NARIÑO;52720;Sapuyes(NAR);Nueva Población Beneficiada Alcantarillado Rural;23;REHABILITACIÓN SISTEMA DE ALCANTARILLADO CARRERA 6 ENTRE CALLE 5 Y 3 MUNICIPIO DE SAPUYES. DEPARTAMENTO DE NARIÑO.;Ola Invernal Menor; -   ; 223,216,848 ;En Liquidación
3/04/2019;52;NARIÑO;52110;Buesaco(NAR);Nueva Población Beneficiada Alcantarillado Rural;348;AMPLIACION Y OPTlMIZACION DEL SISTEMA DE ALCANTARILLADO VEREDA JUANAMBU, MUNICIPIO DE BUESACO;PDA; -   ; 1,209,722,323 ;En Liquidación
3/08/2017;52;NARIÑO;52227;Cumbal(NAR);Nueva Población Beneficiada Acueducto Rural;1;CONSTRUCCION DEL SISTEMA DE CONDUCCION PARA EL ACUEDUCTO DE LA VEREDA NAZATE DEL RESGUARDO INDIGENA DE CHILES MUNICIPIO DE CUMBAL;PDA; -   ; 634,806,739 ;En Liquidación
01/22/2019 ;52;NARIÑO;52585;Pupiales(NAR);Nueva Población Beneficiada Alcantarillado Urbano;5,189;REHABILITACION SISTEMA DE ALCANTARILLADO DE LA CALLE SEPTlMA ENTRE CARRERA TERCERA Y QUINTA DEL MUNICIPIO DE PUPIALES-NARIÑO;Ola Invernal Menor; -   ; 228,273,182 ;En Liquidación
02/27/2020 ;52;NARIÑO;52687;San Lorenzo(NAR);Nueva Población Beneficiada Alcantarillado Urbano;582;MEJORAMIENTO DE LAS CONDICIONES DE SANEAMIENTO RURAL MEDIANTE LA IMPLEMENTACIÓN DE ACCIONES DE DESCONTAMINACIÓN, EDUCACIÓN Y PRESERVACIÓN AMBIENTAL EN LA CUENCA DEL RIO JUANAMBU, MUNICIPIO DE SAN LORENZO -NARIÑO;PDA; -   ; 1,466,418,062 ;Terminado
09/15/2022 ;52;NARIÑO;52435;Mallama(NAR);Nueva Población Beneficiada Acueducto Urbano;75;MEJORAMIENTO DEL SISTEMA DE ABASTECIMIENTO, CONSTRUCCION PLANTA DE TRATAMIENTO DE AGUA POTABLE Y OPTIMIZACION DEL SISTEMA DE ALCANTARILLADO EN EL CASCO URBANO DEL MUNICIPIO DE MALLAMA;PDA; -   ; 4,311,588,306 ;Liquidado Contrato Obra
09/15/2022 ;52;NARIÑO;52435;Mallama(NAR);Nueva Población Beneficiada Alcantarillado Urbano;112;MEJORAMIENTO DEL SISTEMA DE ABASTECIMIENTO, CONSTRUCCION PLANTA DE TRATAMIENTO DE AGUA POTABLE Y OPTIMIZACION DEL SISTEMA DE ALCANTARILLADO EN EL CASCO URBANO DEL MUNICIPIO DE MALLAMA;PDA; -   ; 4,311,588,306 ;Liquidado Contrato Obra
12/15/2021 ;52;NARIÑO;52385;La Llanada(NAR);Nueva Población Beneficiada Acueducto Urbano;3,25;CONSTRUCCION PLANTA DE TRATAMIENTO DE AGUA POTABLE CASCO URBANO MUNICIPIO DE LLANADA;PDA; 310,178,195 ; 372,477,249 ;En Liquidación
09/15/2022 ;52;NARIÑO;52693;San Pablo(NAR);Nueva Población Beneficiada Alcantarillado Rural;288;OPTIMIZACION DEL ALCANTARILLADO  DEL CORREGIMIENTO DE BRICEÑO,  MUNICIPIO DE SAN PABLO;PDA; -   ; 2,711,410,015 ;Liquidado
12/17/2018 ;52;NARIÑO;52001;Pasto(NAR);Nueva Población Beneficiada Alcantarillado Urbano;149,775;CONSTRUCCION COLECTOR ARANDA MUNICIPIO DE PASTO;PGN; 18,756,082,361 ; 162,601,600 ;Liquidado
12/27/2019 ;52;NARIÑO;52693;San Pablo(NAR);Nueva Población Beneficiada Alcantarillado Rural;1;CONSTRUCCIÓN UNIDADES SANITARIAS PARA EL MEJORAMIENTO DE LAS CONDICIONES DE SANEAMIENTO DE LA ZONA RURAL DEL MUNICIPIO DE SAN PABLO;PGN; 2,566,333,012 ; -   ;Liquidado
6/09/2025;52;NARIÑO;52418;Los Andes(NAR);Nueva Población Beneficiada Acueducto Rural;1,589;CONSTRUCCION DEL ACUEDUCTO REGIONAL PARA EL CORREGIMIENTO LA PLANADA DEL MUNICIPIO DE LOS ANDES - DEPARTAMENTO DE NARIÑO;PDA; -   ; 3,162,376,409 ;Terminado
11/20/2022 ;52;NARIÑO;52506;Ospina(NAR);Nueva Población Beneficiada Acueducto Rural;1,084;CONSTRUCCIÓN ACUEDUCTO SAN ISIDRO LA FLORIDA DEL MUNICIPIO DE OSPINA - NARIÑO;PDA; -   ; 1,931,273,036 ;Liquidado
12/30/2022 ;52;NARIÑO;52083;Belen(NAR);Nueva Población Beneficiada Alcantarillado Urbano;163;OPTIMIZACIÓN ALCANTARILLADO CASCO URBANO MUNICIPIO DE BELÉN, NARIÑO, OCCIDENTE;PDA; 450,000,000 ; 4,000,704,075 ;Liquidado
9/03/2022;52;NARIÑO;52573;Puerres(NAR);Nueva Población Beneficiada Alcantarillado Rural;396;AMPLIACIÓN Y OPTIMIZACIÓN DEL SISTEMA DE ALCANTARILLADO SANITARIO DE LA CABECERA CORREGIMIENTAL SAN MATEO MUNICIPIO DE PUERRES;PDA; -   ; 1,463,160,157 ;Liquidado
11/04/2020;52;NARIÑO;52019;Alban(NAR);Nueva Población Beneficiada Alcantarillado Rural;539;MEJORAMIENTO DE LAS CONDICIONES DE SANEAMIENTO RURAL MEDIANTE LA IMPLEMENTACION DE ACCIONES DE DESCONTAMINACION, EDUCACIÓN Y PRESERVACION AMBIENTAL DE LA CUENCA DEL RIO QUIÑA, MUNICIPIO DE SAN JOSE DE  ALBAN;PDA; -   ; 1,610,543,280 ;Liquidado
04/29/2022 ;52;NARIÑO;52224;Cuaspud(NAR);Nueva Población Beneficiada Alcantarillado Urbano;58;AMPLIACION Y OPTIMIZACION DEL SISTEMA DE ALCANTARILLADO DE LA CABECERA MUNICIPAL DE CUASPUD FASE I;PDA; -   ; 4,223,989,737 ;Liquidado
11/07/2020;52;NARIÑO;52258;El Tablon(NAR);Nueva Población Beneficiada Alcantarillado Urbano;147;OPTIMIZACION Y AMPLIACIÓN DEL ALCANTARILLADO DE EL TABLÓN DE GÓMEZ - CABECERA MUNICIPAL, DEPARTAMENTO DE NARIÑO;PDA; -   ; 3,590,274,497 ;Liquidado
06/13/2019 ;52;NARIÑO;52260;El Tambo(NAR);Nueva Población Beneficiada Alcantarillado Urbano;4,774;REHABILlTACION DEL SISTEMA DE ALCANTARILLADO DEL BARRIO MADRIGAL, MUNICIPIO DE EL TAMBO;Ola Invernal Menor; -   ; 241,341,591 ;Liquidado
12/09/2021;52;NARIÑO;52418;Los Andes(NAR);Nueva Población Beneficiada Alcantarillado Rural;1,839;MEJORAMIENTO DE LAS   CONDICIONES DE SANEAMIENTO RURAL MEDIANTE LA IMPLEMENTACION  DE ACCIONES DE DESCONTAMINACION, EDUCACION Y PRESERVACION AMBIENTAL EN LA CUENCA DEL RIO GUAITARA, MUNICIPIO DE LOS   ANDES;PDA; 1,215,762,839 ; 1,984,711,597 ;Liquidado
03/31/2022 ;52;NARIÑO;52685;San Bernardo(NAR);Nueva Población Beneficiada Alcantarillado Rural;335;CONSTRUCCION DE UNIDADES SANITARIAS CON SANEAMIENTO BASICO PARA LA VIVENDA RURAL EN EL MUNICIPIO DE SAN BERNARDO- DEPARTAMENTO DE NARIÑO;PDA; -   ; 968,894,634 ;Liquidado
11/23/2021 ;52;NARIÑO;52694;San Pedro De Cartago(NAR);Nueva Población Beneficiada Alcantarillado Rural;364;CONSTRUCCION SISTEMA DE ALCANTARILLADO SANITARIO DE LA VEREDA LA CHORRERA, MUNICIPIO DE SAN PEDRO DE CARTAGO;PDA; -   ; 1,378,580,426 ;Liquidado
01/21/2022 ;52;NARIÑO;52699;Santacruz(NAR);Nueva Población Beneficiada Acueducto Rural;260;CONSTRUCCION ACUEDUCTO RURAL EN LA VEREDA CHAGUEZ DEL MUNICIPIO DE SANTA CRUZ;PDA; -   ; 465,855,438 ;Liquidado
10/05/2021;52;NARIÑO;52258;El Tablon(NAR);Nueva Población Beneficiada Alcantarillado Rural;500;OPTIMIZACIÓN Y AMPLIACIÓN DEL ALCANTARILLADO DEL CORREGIMIENTO DE LAS MESAS, MUNICIPIO DEL TABLON DE GOMEZ;PGN; 5,088,394,689 ; 135,817,147 ;En Liquidación
12/16/2022 ;52;NARIÑO;52678;Samaniego(NAR);Nueva Población Beneficiada Acueducto Urbano;5,626;PLAN MAESTRO DE ACUEDUCTO Y ALCANTARILLADO SANITARIO Y PLUVIAL DEL MUNICIPIO DE SAMANIEGO – NARIÑO;PGN; 1,368,708,263 ; -   ;Terminado
12/16/2022 ;52;NARIÑO;52678;Samaniego(NAR);Nueva Población Beneficiada Alcantarillado Urbano;5,626;PLAN MAESTRO DE ACUEDUCTO Y ALCANTARILLADO SANITARIO Y PLUVIAL DEL MUNICIPIO DE SAMANIEGO – NARIÑO;PGN; 1,368,708,263 ; -   ;Terminado
06/30/2023 ;52;NARIÑO;52317;Guachucal(NAR);Nueva Población Beneficiada Alcantarillado Rural;408;OPTIMIZACION DEL ALCANTARILLADO SANITARIO Y CONSTRUCCION DE LA PLANTA DE TRATAMIENTO DE AGUAS RESIDUALES DE LA VEREDA EL CONSUELO DE CHILLANQUER MUNICIPIO DE GUACHUCAL-NARIÑO;PDA; -   ; 2,710,733,934 ;En Liquidación
06/21/2023 ;52;NARIÑO;52378;La Cruz(NAR);Nueva Población Beneficiada Alcantarillado Rural;408;CONSTRUCCIÓN DE UNIDADES SANITARIAS CON TRATAMIENTO DE AGUAS RESIDUALES EN LA ZONA RURAL DISPERSA DEL MUNICIPIO DE LA CRUZ NARIÑO;PDA; -   ; 1,499,223,043 ;Terminado
03/31/2021 ;86;PUTUMAYO;86001;Mocoa(PUT);Nueva Población Beneficiada Acueducto Urbano;44,4;COMPONENTE 4. FORTALECIMIENTO DE CAPACIDADES  Y EDUCACIÓN SANITARIA Y AMBIENTAL EN EL MUNICIPIO DE MOCOA, DEPARTAMENTO DE PUTUMAYO;BID; 1,119,471,080 ; -   ;Liquidado
03/31/2021 ;86;PUTUMAYO;86001;Mocoa(PUT);Nueva Población Beneficiada Alcantarillado Urbano;44,4;COMPONENTE 4. FORTALECIMIENTO DE CAPACIDADES  Y EDUCACIÓN SANITARIA Y AMBIENTAL EN EL MUNICIPIO DE MOCOA, DEPARTAMENTO DE PUTUMAYO;BID; 1,119,471,080 ; -   ;Liquidado
10/09/2020;86;PUTUMAYO;86749;Sibundoy(PUT);Nueva Población Beneficiada Acueducto Urbano;12,858;REHABILITACION Y MEJORAMIENTO DEL SISTEMA DE ACUEDUCTO DEL CASCO URBANO DEL MUNICIPIO DE SIBUNDOY I ETAPA OLA INVERNAL MUNICIPIO DE SIBUNDOY-PUTUMAYO;Ola Invernal Mayor; 925,270,027 ; -   ;En Liquidación
02/21/2019 ;86;PUTUMAYO;86569;Puerto Caicedo(PUT);Nueva Población Beneficiada Alcantarillado Rural;2,297;CONSTRUCCION DE UNIDADES SANITARIAS EN EL MUNICIPIO DE PUERTO CAICEDO, DEPARTAMENTO DEL PUTUMAYO;BID; 8,268,421,242 ; -   ;En Liquidación
08/20/2024 ;86;PUTUMAYO;86001;Mocoa(PUT);Nueva Población Beneficiada Acueducto Urbano;64,338;RECONSTRUCCION DEL SISTEMA DE ACUEDUCTO DE MOCOA, PUTUMAYO;PGN; 32,015,927,225 ; -   ;Terminado
12/31/2018 ;86;PUTUMAYO;86573;Puerto Leguizamo(PUT);Nueva Población Beneficiada Acueducto Rural;248;FORMULACIÓN Y ESTRUCTURACIÓN DEL PROYECTO INTEGRAL DE ABASTECIMIENTO DE AGUA Y MANEJO DE AGUAS RESIDUALES DEL CENTRO POBLADO DE PUERTO OSPINA MUNICIPIO DE PUERTO LEGUIZAMO;Programa Rural; 3,818,319,483 ; 1,543,272,350 ;Terminado
12/31/2018 ;86;PUTUMAYO;86573;Puerto Leguizamo(PUT);Nueva Población Beneficiada Alcantarillado Rural;248;FORMULACIÓN Y ESTRUCTURACIÓN DEL PROYECTO INTEGRAL DE ABASTECIMIENTO DE AGUA Y MANEJO DE AGUAS RESIDUALES DEL CENTRO POBLADO DE PUERTO OSPINA MUNICIPIO DE PUERTO LEGUIZAMO;Programa Rural; 3,818,319,483 ; 1,543,272,350 ;Terminado
10/14/2020 ;86;PUTUMAYO;86885;Villagarzon(PUT);Nueva Población Beneficiada Alcantarillado Urbano;2;CONSTRUCCION ALCANTARILLADO PLUVIAL ZONA 4A (TRAMO 125A-184A SECTOR COLEGIO VALENCIA) MUNICIPIO DE VILLAGARZON;PGN; 4,121,393,827 ; 98,000,000 ;Liquidado
07/13/2020 ;86;PUTUMAYO;86885;Villagarzon(PUT);Nueva Población Beneficiada Alcantarillado Rural;125;CONSTRUCCIÓN UNIDAD SANITARIA Y SISTEMA DE TRATAMIENTO PREFABRICADO PARA VIVIENDAS DISPERSAS, MUNICIPIO DE VILLAGRAZÓN;Obras por Impuestos; -   ; -   ;Liquidado
12/31/2018 ;86;PUTUMAYO;86320;Orito(PUT);Nueva Población Beneficiada Acueducto Urbano;17,088;CONSTRUCCION SISTEMA DE CAPTACION, DESARENADOR Y CONDUCCION EN LA QUEBRADA LA FRAGUA PARA EL ACUEDUCTO DEL CASCO URBANO MUNICIPIO DE ORITO;PDA; 2,538,295,539 ; 648,582,521 ;Terminado
10/17/2020 ;86;PUTUMAYO;86001;Mocoa(PUT);Nueva Población Beneficiada Alcantarillado Urbano;2,342;ADQUISICIÓN DE UN EQUIPO DE PRESIÓN SUCCIÓN MUNICIPIO DE MOCOA;BID; 1,620,000,000 ; -   ;Liquidado
9/06/2021;63;QUINDIO;63001;Armenia(QUI);Nueva Población Beneficiada Alcantarillado Urbano;120;OPTIMIZACION DE ALCANTARILLADOS BARRIOS LA MIRANDA, CIUDADELA, NUEVO ARMENIA Y LA LINDA DE, MUNICIPIO DE ARMENIA;PGN; 2,170,210,481 ; 261,828,929 ;Liquidado
03/23/2021 ;63;QUINDIO;63470;Montenegro(QUI);Nueva Población Beneficiada Acueducto Rural;943;CONSTRUCCION DE LA LINEA DE EXPANSION DEL SISTEMA DE ACUEDUCTO HACIA EL SECTOR RURAL DEL MUNICIPIO DE MONTENEGRO SECTOR EL CASTILLO-EL CUZCO;PGN; 3,874,044,476 ; -   ;Liquidado
02/28/2020 ;63;QUINDIO;63190;Circasia(QUI);Nueva Población Beneficiada Acueducto Rural;2,403;CONSTRUCCIÓN DE LA LÍNEA DE EXPANSIÓN DEL SISTEMA DE ACUEDUCTO HACIA EL SECTOR RURAL DEL MUNICIPIO DE CIRCASIA SECTOR HOJAS ANCHAS Y LA CRISTALINA;PGN; 3,560,314,006 ; -   ;Liquidado
06/17/2020 ;66;RISARALDA;66001;Pereira(RIS);Nueva Población Beneficiada Alcantarillado Urbano;70;OBRAS DE OPTIMIZACIÓN CANALIZACIÓN QUEBRADA EGOYÁ MUNICIPIO DE PEREIRA;Tasa Compensada; -   ; 21,666,124,214 ;Liquidado
1/08/2020;66;RISARALDA;66001;Pereira(RIS);Nueva Población Beneficiada Alcantarillado Urbano;577,508;SUMINISTRO Y OBRAS CIVILES PARA LA CONSTRUCCION DEL TRASVASE DE AGUAS RESIDUALES DE LA ZONA DE DRENAJES DEL RIO CONSOTA A LA ZONA DE DRENAJES DEL RIO OTUN Y DESCARGA PROVISIONAL MUNICIPIO DE PEREIRA;Tasa Compensada; -   ; 13,795,047,162 ;Liquidado
09/23/2024 ;66;RISARALDA;66682;Santa Rosa De Cabal(RIS);Nueva Población Beneficiada Acueducto Rural;430;CONSTRUCCION DEL ACUEDUCTO DE COMUNITARIO PARA LA VEREDA COLMENAS DEL MUNICIPIO DE SANTA ROSA DE CABAL, RISARALDA;PGN; 1,990,177,406 ; -   ;Terminado
12/21/2021 ;66;RISARALDA;66687;Santuario(RIS);Nueva Población Beneficiada Acueducto Urbano;7,138;CONSTRUCCIÓN BOCATOMA RÍO SAN RAFAEL  DEL ACUEDUCTO PRINCIPAL DEL MUNICIPIO DE SANTUARIO;Ola Invernal Mayor; -   ; 1,222,777,897 ;Terminado
03/26/2019 ;66;RISARALDA;66572;Pueblo Rico(RIS);Nueva Población Beneficiada Acueducto Rural;582;OPTIMIZACION DEL SISTEMA DE ACUEDUCTO DEL CORREGIMIENTO DE SANTA CECILIA MUNICIPIO DE PUEBLO RICO;PDA; 1,298,418,080 ; 266,731,626 ;Terminado
10/11/2021;66;RISARALDA;66594;Quinchía(RIS);Nueva Población Beneficiada Acueducto Urbano;9,91;OPTIMIZACIÓN PLANTA DE TRATAMIENTO DE AGUA POTABLE DEL MUNICIPIO DE QUINCHÍA;PDA; -   ; 550,252,622 ;Terminado
07/31/2019 ;66;RISARALDA;66572;Pueblo Rico(RIS);Nueva Población Beneficiada Acueducto Urbano;1;IMPLEMENTACION DEL PLAN MAESTRO DE ACUEDUCTO Y ALCANTARILLADO FASE I PUEBLO RICO;PDA; -   ; 2,353,900,542 ;Terminado
07/31/2019 ;66;RISARALDA;66572;Pueblo Rico(RIS);Nueva Población Beneficiada Alcantarillado Urbano;805;IMPLEMENTACION DEL PLAN MAESTRO DE ACUEDUCTO Y ALCANTARILLADO FASE I PUEBLO RICO;PDA; -   ; 2,353,900,542 ;Terminado
9/04/2023;88;SAN ANDRES;88001;San Andres(SAN);Nueva Población Beneficiada Alcantarillado Urbano;2,998;EXPANSION DE REDES DE ALCANTARILLADO SANITARIO EN LOS DISTRITOS 1,2,Y 3 SAN ANDRÉS;PDA; 5,553,725,521 ; 1,477,513,779 ;Liquidado Contrato Obra
07/31/2020 ;88;SAN ANDRES;88001;San Andres(SAN);Nueva Población Beneficiada Alcantarillado Urbano;15;CONSTRUCCION DEL SISTEMA DE ALCANTARILLADO SANITARIO DEL DISTRITO NO. 4 (INCLUYE ESTACION DE BOMBEO Y REDES SECUNDARIAS ) SAN ANDRES;PGN; 31,546,817,421 ; -   ;Terminado
02/24/2023 ;88;SAN ANDRES;88001;San Andres(SAN);Nueva Población Beneficiada Acueducto Urbano;1,321;EXPANSIÓN DE 3.2KM DE REDES DE ACUEDUCTO EN LA ISLA DE SAN ANDRÉS;PGN; 3,453,709,817 ; 338,599,002 ;Terminado
06/26/2019 ;68;SANTANDER;68307;Giron(SAN);Nueva Población Beneficiada Alcantarillado Urbano;141,214;OBRAS COMPLEMENTARIAS ETAPA II FASE 2 - REACTOR UASB 5 DE LA PTAR RIO FRIO MUNICIPIO DE GIRON;PGN; 2,489,884,597 ; -   ;Liquidado
2/12/2020;68;SANTANDER;68547;Piedecuesta(SAN);Nueva Población Beneficiada Acueducto Urbano;2,137;CONSTRUCCION DEL SISTEMA DE DISTRIBUCION DE AGUA POTABLE SECTOR CIUDAD TEYUNA FASE II, MUNICIPIO DE PIEDECUESTA;PGN; 2,705,732,267 ; 20,025,087 ;Liquidado Contrato Obra
01/30/2021 ;68;SANTANDER;68077;Barbosa(SAN);Nueva Población Beneficiada Acueducto Urbano;43,217;CONSTRUCCION DE REDES DE CONDUCCION Y OPTIMIZACION DEL ACUEDUCTO EN EL MUNICIPIO DE BARBOSA;PGN; 4,794,866,430 ; 4,220,300,715 ;En Liquidación
05/27/2025 ;68;SANTANDER;68500;Oiba(SAN);Nueva Población Beneficiada Acueducto Urbano;3,452;OPTIMIZACIÓN Y MEJORAMIENTO DEL ACUEDUCTO MEDIANTE LA CONSTRUCCIÓN DE LA PTAP Y REDES DE DISTRIBUCIÓN DEL MUNICIPIO DE OIBA DEL DEPARTAMENTO DE SANTANDER;PGN; 3,031,819,350 ; 2,080,660,338 ;Terminado
9/07/2020;68;SANTANDER;68344;Hato(SAN);Nueva Población Beneficiada Alcantarillado Urbano;232;AMPLIACION Y OPTIMIZACION SISTEMA DE ALCANTARILLADO SANITARIO E INTERCEPTORES PLUVIALES, CASCO URBANO MUNICIPIO DE HATO;PGN; 3,073,478,990 ; 269,447,756 ;Liquidado Contrato Obra
4/09/2024;68;SANTANDER;68169;Charta(SAN);Nueva Población Beneficiada Alcantarillado Rural;119;CONSTRUCCIÓN DE UNIDADES SANITARIAS CON SANEAMIENTO BÁSICO PARA VIVIENDA RURAL DISPERSA EN CHARTA;Obras por Impuestos; -   ; -   ;Terminado
02/19/2021 ;68;SANTANDER;68669;San Andres(SAN);Nueva Población Beneficiada Alcantarillado Urbano;2,54;OPTIMIZACIÓN Y AMPLIACION DEL ALCANTARILLADO SANITARIO Y PLUVIAL DEL CASCO URBANO DEL MUNICIPIO DE SAN ANDRES, SANTANDER;PGN; 4,368,608,078 ; 1,946,404,544 ;Liquidado
08/20/2024 ;68;SANTANDER;68444;Matanza(SAN);Nueva Población Beneficiada Alcantarillado Rural;730;CONSTRUCCIÓN UNIDADES SANITARIAS CON SANEAMIENTO BÁSICO PARA VIVIENDA RURAL DISPERSA EN MATANZA;Obras por Impuestos; -   ; -   ;Terminado
10/31/2018 ;68;SANTANDER;68179;Chipata(SAN);Nueva Población Beneficiada Alcantarillado Urbano;23;PLAN MAESTRO DE ALCANTARILLADO SANITARIO Y PLUVIAL DEL MUNICIPIO DE CHIPATA.;PDA; 537,559,101 ; 2,736,918,211 ;Liquidado Contrato Obra
12/06/2021;68;SANTANDER;68655;Sabana De Torres(SAN);Nueva Población Beneficiada Acueducto Rural;618;CONSTRUCCIÓN DEL ACUEDUCTO PARA LAS VEREDAS CRISTALES LA YE Y CAYUMBITA DEL ÁREA RURAL DEL MUNICIPIO DE SABANA DE TORRES, SANTANDER;Obras por Impuestos; -   ; -   ;Liquidado
12/31/2018 ;68;SANTANDER;68307;Giron(SAN);Nueva Población Beneficiada Acueducto Rural;6,415;CONSTRUCCIÓN RED SECUNDARIA DE DISTRIBUCIÓN DE ACUEDUCTO Y TANQUE DE ALMACENAMIENTO SECTORES ALTOS DE NAZARETH, EL NILO, LA PANADERÍA Y PARADA DE PABLO DE LA VEREDA RUITOQUE DEL MUNICIPIO DE GIRÓN;Tasa Compensada; -   ; 1,094,691,057 ;Terminado
02/14/2024 ;68;SANTANDER;68464;Mogotes(SAN);Nueva Población Beneficiada Alcantarillado Urbano;1,03;OPTIMIZACIÓN DE LAS REDES DE ALCANTARILLADO SANITARIO, PLUVIAL Y  ESTRUCTURAS COMPLEMENTARIAS EN LA CALLE 3, ENTRE CARRERA 2 HASTA LA CARRERA 8 Y, LA CARRERA 8, ENTRE CALLE 5 Y CALLE 2, HASTA ENTREGAR EN LA QUEBRADA GUAYAGUATA, EN EL CASCO URBANO DEL MUNICIPIO DE MOGOTES DEPARTAMENTO DE SANTANDER;PGN; 3,763,651,315 ; 4,959,003,776 ;En Liquidación
2/10/2022;68;SANTANDER;68895;Zapatoca(SAN);Nueva Población Beneficiada Alcantarillado Urbano;9,5;OPTIMIZACION Y MEJORAMIENTO DEL SISTEMA DE ALCANTARILLADO COMBINADO FASE I DEL CASCO URBANO DEL MUNICIPIO DE ZAPATOCA- DEPARTAMENTO DE SANTANDER;PGN; 2,084,068,826 ; 5,039,215,686 ;En Liquidación
12/05/2022;68;SANTANDER;68682;San Joaquin(SAN);Nueva Población Beneficiada Alcantarillado Rural;74;CONSTRUCCIÓN DE 25 UNIDADES SANITARIAS CON SANEAMIENTO BÁSICO PARA VIVIENDA RURAL DISPERSA EN SAN JOAQUIN-SANTANDER;PGN; 280,541,692 ; 192,528,612 ;En Liquidación
03/29/2020 ;70;SUCRE;70001;Sincelejo(SUC);Nueva Población Beneficiada Acueducto Urbano;246,103;CONSTRUCCION DEL TRAMO II DE LA LINEA DE ADUCCION DEL CAMPO DE POZOS SAN JORGE PARA EL MUNICIPIO DE SINCELEJO DESDE EL K0+000 HASTA K9+100 PARA EL MUNICIPIO DE SINCELEJO;PGN; 20,909,791,629 ; -   ;En Liquidación
05/31/2021 ;70;SUCRE;70708;San Marcos(SUC);Nueva Población Beneficiada Alcantarillado Urbano;3,505;EXTENSIÓN DE REDES DE ALCANTARILLADO SANITARIO EN LA ZONA URBANA DEL MUNICIPIO DE SAN MARCOS;PGN; 3,314,683,459 ; -   ;En Liquidación
6/01/2022;70;SUCRE;70708;San Marcos(SUC);Nueva Población Beneficiada Alcantarillado Urbano;1,28;EXTENSIÓN DE REDES DE ALCANTARILLADO SANITARIO EN LA ZONA CENTRO DEL MUNICIPIO DE SAN MARCOS, DEPARTAMENTO DE SUCRE FASE I;PGN; 1,239,878,750 ; 837,755,912 ;En Liquidación
7/02/2019;70;SUCRE;70670;Sampues(SUC);Nueva Población Beneficiada Acueducto Urbano;2,219;OPTIMIZACION Y AMPLIACION DEL SISTEMA DE ACUEDUCTO DE LA CABECERA DE SAMPUES FASE I;PDA; 5,540,140,406 ; 3,849,567,780 ;Liquidado
03/27/2019 ;70;SUCRE;70708;San Marcos(SUC);Nueva Población Beneficiada Acueducto Urbano;1,49;AMPLIACION Y OPTIMIZACION  DEL SISTEMA DE ACUEDUCTO DEL MUNICIPIO DE SAN MARCOS;PDA; 4,628,043,513 ; 2,835,351,076 ;Liquidado
08/23/2019 ;70;SUCRE;70708;San Marcos(SUC);Nueva Población Beneficiada Alcantarillado Urbano;32,209;CONSTRUCCION DE LA PRIMERA ETAPA DEL PLAN MAESTRO DE ALCANTARILLADO SANITARIO EN LA ZONA URBANA DEL MUNICIPIO DE SAN MARCOS;PGN; 12,560,199,480 ; -   ;Liquidado
12/17/2022 ;70;SUCRE;70001;Sincelejo(SUC);Nueva Población Beneficiada Acueducto Urbano;2,878;EXTENSIÓN DE REDES DE ACUEDUCTO PARA EL SUMINISTRO DE AGUA POTABLE DE GALLERA EN EL MUNICIPIO DE SINCELEJO;PGN; 3,028,330,628 ; 450,934,946 ;Terminado
05/15/2023 ;70;SUCRE;70708;San Marcos(SUC);Nueva Población Beneficiada Alcantarillado Urbano;14,795;OPTIMIZACIÓN DE LAS REDES DE ALCANTARILLADO SANITARIO EN LA ZONA URBANA DEL MUNICIPIO DE SAN MARCOS-FASE II, DEPARTAMENTO DE SUCRE;PGN; 8,390,400,493 ; 5,669,189,522 ;Terminado
12/22/2019 ;70;SUCRE;70215;Corozal(SUC);Nueva Población Beneficiada Alcantarillado Urbano;2,577;CONSTRUCCION DEL SISTEMA DE ALCANTARILLADO SANITARIO PARA LOS BARRIOS LA PAZ Y MONSERRATE EN LA ZONA URBANA DEL MUNICIPIO DE COROZAL;PGN; 2,436,836,416 ; -   ;Liquidado
11/01/2024;73;TOLIMA;73616;Rioblanco(TOL);Nueva Población Beneficiada Alcantarillado Urbano;730;CONSTRUCCIÓN DE UNIDADES SANITARIAS CON POZO SEPTICO PARA LA POBLACION INDIGENA DEL CABILDO BARBACOAS Y EL RESGUARDO LAS MERCEDES DEL MUNICIPIO DE RIOBLANCO DEPARTAMENTO DEL TOLIMA;Obras por Impuestos; -   ; -   ;Terminado
04/14/2021 ;73;TOLIMA;73268;Espinal(TOL);Nueva Población Beneficiada Acueducto Urbano;1;OBRAS PRIORITARIAS DEL SISTEMA DE ACUEDUCTO FASE I  DEL MUNICPIO DE ESPINAL;PGN; 8,264,612,678 ; 864,335,231 ;Terminado
05/27/2022 ;73;TOLIMA;73624;Rovira(TOL);Nueva Población Beneficiada Acueducto Urbano;800;OPTIMIZACION ACUEDUCTO URBANO DEL MUNICIPIO DE ROVIRA;PDA; 2,631,205,957 ; 1,819,063,708 ;Terminado
03/31/2024 ;73;TOLIMA;73217;Coyaima(TOL);Nueva Población Beneficiada Alcantarillado Rural;1,969;CONSTRUCCIÓN DEL ALCANTARILLADO SANITARIO Y PTAR DEL CENTRO POBLADO DE CASTILLA, MUNICIPIO DE COYAIMA;PDA; -   ; 4,549,182,180 ;Terminado
8/05/2021;73;TOLIMA;73671;Saldaña(TOL);Nueva Población Beneficiada Acueducto Urbano;8,6;CONSTRUCCION DE UNA FUENTE ALTERNA DE SUMINISTRO PARA EL SISTEMA DE ACUEDUCTO CASCO URBANO DEL MUNICIPIO DEL SALDAÑA.;PDA; 762,687,044 ; 1,290,149,730 ;Liquidado
04/26/2019 ;73;TOLIMA;73873;Villarrica(TOL);Nueva Población Beneficiada Alcantarillado Urbano;913;REHABILITACION TRAMOS DE ALCANTARILLADO  (CALLE PRINCIPAL) EXISTENTE DEL CASCO URBANO DEL MUNICIPIO DE VILLARRICA;Ola Invernal Mayor; -   ; 503,632,560 ;En Liquidación
10/28/2024 ;73;TOLIMA;73873;Villarrica(TOL);Nueva Población Beneficiada Acueducto Urbano;2,77;OPTIMIZACION DEL SISTEMA DE SUMINISTRO DE AGUA PARA EL ACUEDUCTO DEL MUNICIPIO DE VILLARICA;PDA; 743,583,235 ; 3,784,522,263 ;Terminado
02/14/2022 ;73;TOLIMA;73217;Coyaima(TOL);Nueva Población Beneficiada Acueducto Rural;1,986;OPTIMIZACIÓN SISTEMA DE ACUEDUCTO DEL CENTRO POBLADO DE CASTILLA, MUNICIPIO DE COYAIMA;PGN; 2,562,701,063 ; -   ;En Liquidación
12/31/2021 ;73;TOLIMA;73024;Alpujarra(TOL);Nueva Población Beneficiada Acueducto Rural;550;ESTRUCTURACIÓN Y FORMULACIÓN DEL PROYECTO CONSTRUCCIÓN ACUEDUCTO VEREDAL VEGA DE GRAMAL Y LOS MEDIOS DEL MUNICIPIO DE ALPUJARRA - TOLIMA;BID; 5,789,059,510 ; -   ;En Liquidación
02/14/2019 ;73;TOLIMA;73675;San Antonio(TOL);Nueva Población Beneficiada Acueducto Urbano;2,012;OPTIMIZACION DEL SISTEMA DE SUMINISTRO DE AGUA PARA EL ACUEDUCTO DEL MUNICIPIO DE SAN ANTONIO;Contrato Plan; 2,370,473,240 ; 290,704,118 ;Liquidado
07/28/2022 ;73;TOLIMA;73349;Honda(TOL);Nueva Población Beneficiada Alcantarillado Urbano;3,6;CONSTRUCCIÓN DE ALCANTARILLADO EN LOS SECTORES DE CHICO, REFUGIO, LA SONRISA Y NUEVA AMBALEMITA DEL MUNICIPIO DE HONDA;PGN; 3,199,570,691 ; -   ;En Liquidación
07/29/2021 ;73;TOLIMA;73055;Armero (guayabal)(TOL);Nueva Población Beneficiada Acueducto Urbano;3;MEJORAMIENTO DEL SISTEMA DE ACUEDUCTO URBANO SEGÚN PLAN MAESTRO DEL MUNICIPIO DE ARMERO GUAYABAL - TOLlMA;PDA; 2,000,000,000 ; 9,096,606,923 ;Terminado
03/30/2022 ;76;VALLE DEL CAUCA;76616;Riofrio(VAL);Nueva Población Beneficiada Alcantarillado Rural;3,2;MEJORAMIENTO Y AMPLIACIÓN DEL SISTEMA DE ALCANTARILLADO Y CONSTRUCCIÓN DE LA PTAR DEL CORREGIMIENTO DE SALÓNICA - MUNICIPIO RIOFRIO;BID; 7,125,387,405 ; -   ;En Liquidación
8/10/2020;76;VALLE DEL CAUCA;76828;Trujillo(VAL);Nueva Población Beneficiada Acueducto Rural;1,617;CONSTRUCCIÓN DEL SISTEMA DE TRAATAMIENTO DE AGUA POTABLE, REDES DE ABASTECIMIENTO Y SOLUCIONES INDIVIDUALES DE SANEAMIENTO PARA LA VEREDA CULEBRAS DEL MUNICIPIO DE TRUJILLO;BID; 3,298,850,180 ; -   ;En Liquidación
8/10/2020;76;VALLE DEL CAUCA;76828;Trujillo(VAL);Nueva Población Beneficiada Alcantarillado Rural;136;CONSTRUCCIÓN DEL SISTEMA DE TRAATAMIENTO DE AGUA POTABLE, REDES DE ABASTECIMIENTO Y SOLUCIONES INDIVIDUALES DE SANEAMIENTO PARA LA VEREDA CULEBRAS DEL MUNICIPIO DE TRUJILLO;BID; 3,298,850,180 ; -   ;En Liquidación
09/30/2022 ;76;VALLE DEL CAUCA;76318;Guacari(VAL);Nueva Población Beneficiada Acueducto Rural;5,264;OPTIMIZACIÓN DE REDES DE DISTRIBUCIÓN DE ACUEDUCTO CORREGIMIENTO DE GUABITAS, MUNICIPIO DE GUACARÍ;PGN; 2,500,000,000 ; 648,883,025 ;En Liquidación
5/06/2024;76;VALLE DEL CAUCA;76520;Palmira(VAL);Nueva Población Beneficiada Acueducto Rural;2,683;ABASTECIMIENTO DE AGUA POTABLE PARA LOS CORREGIMIENTOS DE LA HERRADURA, OBANDO Y MATAPALO MUNICIPIO DE PALMIRA;PGN; 2,464,727,101 ; 4,050,201,194 ;En Liquidación
10/29/2018 ;76;VALLE DEL CAUCA;76318;Guacari(VAL);Nueva Población Beneficiada Alcantarillado Urbano;200;CONSTRUCCION  ALCANTARILLADO DEL CORREGIMIENTO DE SONSO EN EL MUNICIPIO DE GUACARI.;PDA; -   ; 8,551,893,211 ;Terminado
07/27/2024 ;76;VALLE DEL CAUCA;76233;Dagua(VAL);Nueva Población Beneficiada Alcantarillado Urbano;3,191;OPTIMIZACION DEL TRAMO DE ALCANTARILLADO COLAPSADO EN LA CARRERA 6, ENTRE LA VÍA PRINCIPAL Y LA CALLE 9 POR OLA INVERNAL EN EL BARRIO COREA DEL CORREGIMIENTO DE BORRERO AYERBE, MUNICIPIO DE DAGUA;Ola Invernal Menor; 477,654,777 ; -   ;Terminado
04/14/2025 ;97;VAUPES;97161;Caruru(VAU);Nueva Población Beneficiada Acueducto Urbano;198;CONSTRUCCION DE SISTEMA NO CONVENCIONAL DE ABASTECIMIENTO DE AGUA PARA CONSUMO HUMANO EN LA COMUNIDAD INDÍGENA DE PUERTO VALENCIA DEL MUNICPIO DE CARURU, DEPARTAMENTO DE VAUPÉS;PGN; 807,591,526 ; -   ;Terminado
